PPT,Condition,RT,Correct
1,1,0.601657182,1
1,1,0.451429318,1
1,1,0.418097066,1
1,1,0.401312413,1
1,2,0.434748879,1
1,2,0.468159853,1
1,1,0.468054933,1
1,1,0.434717557,1
1,2,0.468138368,1
1,2,0.401420386,0
1,1,0.501502385,1
1,2,0.48480167,1
1,2,0.4012714,1
1,2,0.401348827,1
1,1,0.368009617,1
1,1,0.384618948,1
1,2,0.434765664,1
1,2,0.434797407,1
1,2,0.451471055,1
1,1,0.634901288,1
1,1,0.551524988,1
1,1,0.434764515,1
1,2,0.401427847,1
1,2,0.451482596,1
1,2,0.451454197,1
1,1,0.418096732,1
1,1,0.434786276,1
1,2,0.518179269,1
1,2,0.534772773,1
1,1,0.384663452,1
1,1,0.518139295,1
1,1,0.384388357,1
1,2,0.434728884,1
1,1,0.434762418,1
1,2,0.484856766,1
1,1,0.384756154,1
1,2,0.368044894,1
1,2,0.484834213,1
1,1,0.401446324,1
1,1,0.401292396,1
1,2,0.368058521,1
1,2,0.418076029,1
1,1,0.434829022,1
1,2,0.501486927,1
1,2,0.468111695,1
1,1,0.384623084,1
1,1,0.384755575,1
1,2,0.434844952,1
1,2,0.518190457,1
1,1,0.451403485,1
1,2,0.418035784,1
1,1,0.484764278,1
1,1,0.468151146,1
1,1,0.451504961,1
1,2,0.518219917,1
1,1,1.068847949,1
1,1,0.351293628,1
1,2,0.384773254,1
1,1,0.468133776,0
1,1,0.451471951,1
1,1,0.434748685,1
1,1,0.35137073,1
1,1,0.334648459,1
1,2,0.518082765,1
1,2,0.401349963,1
1,2,0.434807642,1
1,1,0.401045074,1
1,2,0.468137258,1
1,1,0.484807741,1
1,2,0.418069247,1
1,2,0.451382255,1
1,2,0.451469793,0
1,1,0.501418948,1
1,2,0.401411123,1
1,2,0.484587289,1
1,1,0.334656902,1
1,1,0.451334259,1
1,2,0.451463351,1
1,2,0.401453763,1
1,2,0.785052375,1
1,2,0.401439349,1
1,2,0.618376038,1
1,2,0.367933358,1
1,1,0.384714349,1
1,2,0.401421201,1
1,1,0.501371597,1
1,2,0.317981919,1
1,2,0.434750471,1
1,1,0.468100028,1
1,2,0.418056492,1
1,2,0.434819131,1
1,2,0.384742958,1
1,2,0.367991213,1
1,2,0.384768595,1
1,1,0.317990245,1
1,1,0.318032131,1
1,1,0.351305045,1
1,1,0.31789507,1
1,1,0.401367605,1
1,1,0.301296206,1
1,1,0.267978084,1
1,1,0.401356646,1
1,2,0.368006549,0
1,1,0.351274347,1
1,2,0.384751287,0
1,2,0.468077558,1
1,1,0.451516379,1
1,1,0.368040418,1
1,2,0.418106649,1
1,1,0.334637983,1
1,1,0.334647211,1
1,1,0.518266228,1
1,2,0.468122295,1
1,2,0.384570576,1
1,1,0.434750121,1
1,2,0.368047647,0
1,1,0.401424616,1
1,1,0.451490414,1
1,1,0.45146405,1
1,2,0.484859353,1
1,1,0.468194676,1
1,2,0.384746462,1
1,2,0.55168469,1
1,2,0.534903023,1
1,2,0.518168546,1
1,1,0.50157323,1
1,1,0.401415633,1
1,1,0.418086229,1
1,2,0.501472517,1
1,2,0.45148507,1
1,2,0.40144571,1
1,1,0.468158893,1
1,2,0.45144885,1
1,2,0.45142062,1
1,2,0.468197198,1
1,1,0.334551958,1
1,1,0.267954873,1
1,2,0.418029523,1
1,2,0.401348279,1
1,1,0.651713641,1
1,1,0.401401832,1
1,1,0.334652004,1
1,1,0.401410726,1
1,2,0.468166805,1
1,1,0.368040573,1
1,2,0.468089261,1
1,2,0.418075922,1
1,1,0.384726935,1
1,2,0.384598544,1
1,2,0.434824321,1
1,2,0.434795205,1
1,2,0.66822789,1
1,2,0.384672136,1
1,1,0.401377954,1
1,1,0.384713773,1
1,1,0.4014142,1
1,2,0.401410617,1
1,1,0.401436609,1
1,1,0.401463544,1
1,1,0.401264192,1
1,1,0.351347445,1
1,2,0.401409167,1
1,2,0.367973121,1
1,1,0.368067561,1
1,1,0.401355069,1
1,2,0.401408188,1
1,1,0.384656278,1
1,1,0.3680168,1
1,1,0.334680585,1
1,2,0.40141204,1
1,2,0.468104799,1
1,1,0.367995087,1
1,1,0.367908581,1
1,2,0.351326296,0
1,1,0.501565753,1
1,1,0.384706082,1
1,1,0.401438695,1
1,1,0.418101069,1
1,2,0.651684367,1
1,1,0.484817351,1
1,1,0.451502608,1
1,1,0.43482387,1
1,1,0.418142506,1
1,1,0.418081846,1
1,2,0.367914645,1
1,2,0.451516587,1
1,1,0.468217541,1
1,1,0.417969705,1
1,2,0.434747032,1
1,2,0.451397372,1
1,2,0.434829576,1
1,1,0.384616674,1
1,2,0.50154427,1
1,2,0.484868035,1
1,2,0.401382185,1
1,2,0.45135239,1
1,2,0.418055802,1
1,2,0.568308675,0
1,1,0.518194106,1
1,1,0.401445875,1
1,1,0.368025477,1
1,2,0.43479145,1
1,1,0.401360331,1
1,2,0.401365581,1
1,2,0.484852211,1
1,1,0.401432994,1
1,1,0.401470788,1
1,1,0.33465212,1
1,1,0.418106134,1
1,1,0.368020274,1
1,1,0.334356126,1
1,1,0.368050463,1
1,2,0.534921662,1
1,2,0.501482572,1
1,1,0.618323764,1
1,2,0.451398093,1
1,2,0.418102072,1
1,2,0.484850351,1
1,2,0.785095226,1
1,2,0.468169567,1
1,2,0.367968305,1
1,2,0.434858641,1
1,2,0.501522921,1
1,2,0.451427868,1
1,1,0.484772372,1
1,1,0.451443729,1
1,2,0.451475862,1
1,2,0.368056308,1
1,2,0.534824582,1
1,1,0.401265982,1
1,2,0.46806016,1
1,1,0.384677174,1
1,1,0.468086482,1
1,2,0.368046995,1
1,1,0.351353526,1
1,1,0.334630612,1
1,2,0.451500773,1
1,2,0.484845047,1
1,2,0.468095515,1
1,1,0.45160733,1
1,2,0.61836863,1
1,2,0.401456695,1
1,2,0.418053432,1
1,1,0.451465619,1
1,2,0.451420443,1
1,1,0.468125805,1
1,2,0.484825354,1
1,1,0.351261738,1
1,1,0.384699829,1
1,1,0.451437761,1
1,2,0.417991246,1
1,1,0.434743571,1
1,1,0.351311407,1
1,2,0.467892881,1
1,2,0.518208214,1
1,2,0.468155492,1
1,1,0.418067215,1
1,1,0.401183591,1
1,1,0.418038019,1
1,2,0.434741899,1
1,1,0.401106091,1
1,1,0.468046586,0
1,1,0.551546293,1
1,1,0.401362108,1
1,2,0.36773071,1
1,2,0.384715279,1
1,1,0.418071336,1
1,2,0.468162969,1
1,2,0.468105644,1
1,1,0.685099812,1
1,1,0.384553302,1
1,2,0.451441355,1
1,2,0.368023956,1
1,1,0.384722119,1
1,2,0.351395514,1
1,1,0.384749773,1
1,2,0.334652591,1
1,1,0.55149008,1
1,2,0.45148587,1
1,2,0.501515276,1
1,2,0.368017576,1
1,2,0.384801158,1
1,1,0.334673042,1
1,1,0.384686423,1
1,2,0.367965629,1
1,2,0.434860234,1
1,2,0.468109441,1
1,1,0.451420481,1
1,1,0.384730197,1
1,2,0.384651918,1
1,2,0.368063778,1
1,1,0.418072957,1
1,2,0.401159927,1
1,1,0.368035708,1
1,2,0.384728639,1
1,1,0.384678061,1
1,2,0.434798363,1
1,1,0.434784309,1
1,2,0.451460526,1
1,1,0.368066064,1
1,1,0.368005302,1
1,1,0.317946141,1
1,2,0.418036433,1
1,1,0.334637447,1
1,2,0.451454475,1
1,1,0.33461014,0
1,1,0.384727882,1
1,2,0.46818718,1
1,2,0.367988769,1
1,1,0.368077365,1
1,1,0.518226142,1
1,2,0.38436618,1
1,1,0.368084946,1
1,2,0.418100944,1
1,2,0.401468755,1
1,1,0.384755062,1
1,2,0.401461484,1
1,2,0.384737737,1
1,2,0.384652291,1
1,2,0.351338417,1
1,1,0.484818968,1
1,1,0.384605232,1
1,2,0.317863041,1
1,2,0.36797008,1
1,2,0.401293731,1
1,1,0.451500473,1
1,2,0.468109964,1
1,1,0.368034994,1
1,1,0.451464304,1
1,1,0.384654532,1
1,1,0.401458249,1
1,1,0.33471981,1
1,1,0.384640814,1
1,2,0.384673655,1
1,1,0.301312915,1
1,1,0.584975186,1
1,2,0.468086384,1
1,2,0.451492171,1
1,2,0.368036626,1
1,1,0.401380804,1
1,2,0.367989941,0
1,1,0.451430363,1
1,2,0.468048271,1
1,2,0.384770318,1
1,1,0.401475409,1
1,1,0.484792684,1
1,1,0.401395015,1
1,1,0.384748168,1
1,1,0.418121148,1
1,2,0.401342415,1
1,2,0.501480978,1
1,2,0.534849351,1
1,1,0.367976697,1
1,2,0.418005649,1
1,1,0.384745391,1
1,1,0.351350211,1
1,1,0.334679333,1
1,1,0.33470646,1
1,2,0.418036721,1
1,1,0.401400824,1
1,1,0.534937429,1
1,2,0.351158065,0
1,1,0.434748762,1
1,2,0.484835348,1
1,2,0.45140377,1
1,2,0.434816896,1
1,1,0.40135196,1
1,2,0.451187225,1
1,2,0.468142898,1
1,1,0.36803552,1
1,1,0.351392043,1
1,2,0.35129083,0
1,2,0.368006467,1
1,1,0.334680613,1
1,2,0.36802072,1
1,2,0.351394363,0
1,1,0.401445718,1
1,2,0.501520364,1
1,2,0.501493627,1
1,2,0.484763928,1
1,1,0.401390272,1
1,1,0.401429021,1
1,1,0.434809073,1
1,1,0.40130905,1
1,2,0.351369772,0
1,2,0.43478473,1
1,2,0.484868941,1
1,1,0.401386536,1
1,1,0.434811692,0
1,2,0.568208072,1
1,1,0.401344687,1
1,2,0.501470837,0
1,2,0.484822813,1
1,2,0.351262757,1
1,2,0.484866698,1
1,1,0.418048739,1
1,2,0.368039877,1
1,1,0.401345749,1
1,2,0.384592815,1
1,2,0.351362331,0
1,1,0.451425928,1
1,2,0.418042909,1
1,1,0.401425104,1
1,1,0.317958731,1
1,2,0.418033186,1
1,2,0.518142726,1
1,2,0.58499297,1
1,1,0.368010371,1
1,1,0.368052289,1
1,1,0.384747385,1
1,1,0.384689934,1
1,1,0.334626628,1
1,1,0.401467909,1
1,2,0.484816809,1
1,1,0.351295548,1
1,2,0.384747727,1
1,2,0.451355096,1
1,2,0.568298765,1
1,2,0.568299347,1
1,2,0.384776981,1
1,2,0.368055013,1
1,1,0.418063218,1
1,2,0.484814591,1
1,1,0.351382419,1
1,1,0.351286173,1
1,2,0.418134601,1
1,1,0.334661876,1
1,2,0.368003327,1
1,2,0.35139717,0
1,2,0.418088879,1
1,1,0.434733935,1
1,2,0.4514409,1
1,1,0.43482784,1
1,2,0.351283107,0
1,2,0.801893454,0
1,1,0.46808724,1
1,2,0.401373216,1
1,1,0.418041741,1
1,1,0.401360423,1
1,1,0.651682225,1
1,1,0.418061956,1
1,1,0.401403772,1
1,1,0.368047743,1
1,2,0.41800441,1
1,1,0.384722179,1
1,1,0.384705401,1
1,1,0.401280009,1
1,1,0.534885662,1
1,2,0.418199986,1
1,1,0.351373285,1
1,2,0.501554388,1
1,2,0.40141803,1
1,2,0.501498586,1
1,1,0.418139522,1
1,1,0.351361485,1
1,2,0.3680028,1
1,2,0.434774407,0
1,2,0.434810252,1
1,1,0.434715873,1
1,2,0.484759046,1
1,1,0.484895551,1
1,1,0.401378169,1
1,1,0.334659326,1
1,1,0.401357936,1
1,1,0.384811559,1
1,1,0.367925089,1
1,1,0.384656571,1
1,2,0.368045726,1
1,1,0.350973471,1
1,2,0.451517565,1
1,2,0.434718258,1
1,1,0.584803235,1
1,2,0.417772823,1
1,2,0.401443425,1
1,2,0.368077484,0
1,2,0.518229609,0
1,2,0.41805465,1
1,2,0.518237283,1
1,1,0.384701319,1
1,2,0.468094811,1
1,2,0.384706718,1
1,2,0.501560773,1
1,1,0.401434438,1
1,1,0.418128708,1
1,2,0.38470218,1
1,1,0.401417058,1
1,2,0.384697277,1
1,1,0.367998374,1
1,2,0.501573233,1
1,1,0.351348093,1
1,1,0.384715607,1
1,2,0.384668831,0
1,2,0.351338187,1
1,2,0.701653311,1
1,1,0.384611936,1
1,1,0.351374549,1
1,1,0.418065635,1
1,1,0.368040618,1
1,2,0.534900836,1
1,1,0.434729076,1
1,2,0.484765949,1
1,1,0.351254408,1
1,1,0.351392102,1
1,2,0.401420349,1
1,2,0.468205886,1
1,2,0.484865488,1
1,1,0.334640008,1
1,2,0.468126594,1
1,2,0.418074787,1
1,2,0.367970459,0
1,2,0.568218619,1
1,1,0.368019517,1
1,2,0.384746597,1
1,2,0.484761701,1
1,1,0.351364379,1
1,1,0.367987078,1
1,2,0.451147542,1
1,1,0.451460973,1
1,2,0.351050959,1
1,2,0.568298158,1
1,1,0.484878784,1
1,1,0.484868172,1
1,1,0.401445213,1
1,2,0.451226681,1
1,1,0.468120058,1
1,1,0.367961498,1
1,1,0.33463836,1
1,1,0.418053077,1
1,2,0.368051026,0
1,1,0.401401549,1
1,2,0.367966709,0
1,1,0.501512868,1
1,1,0.434789633,1
1,2,0.434827023,1
1,1,0.56825672,0
1,2,0.384764976,1
1,1,0.418065835,1
1,2,0.434756222,1
1,2,0.518217634,1
1,2,0.434806916,1
1,2,0.384705414,1
1,2,0.468166231,1
1,1,0.434764611,1
1,1,0.518219628,1
1,2,0.601575932,1
1,1,0.434755884,1
1,1,0.518238628,1
1,1,0.351288306,1
1,1,0.534781189,1
1,1,0.334596787,1
1,1,0.384752441,1
1,2,0.434810341,1
1,2,0.36793723,1
1,1,0.33467831,1
1,2,0.368129877,1
1,1,0.301270449,1
1,2,0.451442649,1
1,1,0.334606539,1
1,2,0.434832968,1
1,2,0.418146515,1
1,1,0.334757942,1
1,2,0.351319708,0
1,2,0.40149339,1
1,2,0.48485602,1
1,2,0.368088126,1
1,2,0.40114501,1
1,1,0.368002331,1
1,1,0.40145953,1
1,1,0.367967253,1
1,2,0.401344438,1
1,1,0.384676366,1
1,1,0.401415731,1
1,1,0.334612957,1
1,1,0.40140664,1
1,2,0.418068239,1
1,2,0.568143582,1
1,2,0.40132791,1
1,2,0.368075391,1
1,2,0.484776882,1
1,2,0.301240564,0
1,2,0.418070824,1
1,2,0.401330562,1
1,1,0.351351225,1
1,2,0.351380135,1
1,2,0.40136373,1
1,1,0.401355456,1
1,1,0.434847493,1
1,1,0.334666756,1
1,2,0.685087227,1
1,2,0.451392316,1
1,1,0.384414201,1
1,1,0.434693622,1
1,1,0.351356,1
1,2,0.501515842,1
1,1,0.367973363,1
1,1,0.368034212,1
1,1,0.368040415,1
1,1,0.4013653,1
1,2,0.41800282,1
1,2,0.368023036,1
1,1,0.418108115,1
1,2,0.534791381,1
1,1,0.384676088,1
1,1,0.36798031,1
1,2,0.367994267,0
1,1,0.401525513,1
1,1,0.368002686,1
1,2,0.384776075,1
1,2,0.518244619,1
1,1,0.401467732,1
1,2,0.468157018,1
1,1,0.351364337,1
1,2,0.30126986,1
1,1,0.334633279,1
1,1,0.317959965,1
1,2,0.41807948,0
1,2,0.384752457,1
1,1,0.418163056,1
1,1,0.368067138,1
1,2,0.334636798,1
1,1,0.368091447,1
1,1,0.351312479,1
1,2,0.534926909,1
1,2,0.451438892,1
1,1,0.40140792,1
1,2,0.41807863,1
1,1,0.40138434,1
1,2,0.534890617,1
1,1,0.40144421,1
1,1,0.384744273,1
1,1,0.351379537,1
1,2,0.368049592,1
1,2,0.534939056,1
1,2,0.451357451,1
1,2,0.334622244,1
1,1,0.318000076,1
1,1,0.367989168,1
1,2,0.384784138,0
1,1,0.401425433,1
1,1,0.401433584,1
1,2,0.468066916,1
1,1,0.351319909,1
1,1,0.318021464,1
1,2,0.384696866,1
1,1,0.351318476,1
1,2,0.351361411,1
1,2,0.368102114,0
1,2,0.418134273,1
1,2,0.384726679,1
1,2,0.951991757,1
1,2,0.534856482,1
1,2,0.468235379,1
1,1,0.451139625,1
1,2,0.334324803,1
1,1,0.418040213,1
1,2,0.368060852,1
1,1,0.368010671,1
1,1,0.384765698,1
1,1,0.334637097,1
1,2,0.384745684,1
1,1,0.351320029,1
1,1,0.401428532,1
1,1,0.351290487,1
1,2,0.50150738,1
1,1,0.351371887,1
1,1,0.368027214,1
1,2,0.351391768,1
1,1,0.351346877,1
1,2,0.484897169,1
1,2,0.468123864,1
1,1,0.384765406,1
1,2,0.451400117,1
1,1,0.334617232,1
1,2,0.451411177,1
1,2,0.451454528,1
1,2,0.418066111,0
1,2,0.36799225,1
1,2,0.48477093,1
1,1,0.351251346,1
1,1,0.318025828,1
1,1,0.434757574,1
1,1,0.534894588,1
1,1,0.468189404,1
1,1,0.368027531,1
1,1,0.334609848,1
1,2,0.284624555,1
1,1,0.401040079,1
1,2,0.468178926,1
1,2,0.501524951,1
1,2,0.401457176,1
1,1,0.40138878,0
1,2,0.501515246,1
1,1,0.434784207,1
1,1,0.46808236,1
1,2,0.56822785,1
1,1,0.38477482,1
1,2,0.317643168,1
1,1,0.484884228,1
1,1,0.40144597,1
1,2,0.334736366,1
1,1,0.368039367,1
1,2,0.384832251,1
1,2,0.434832712,1
1,1,0.368078039,1
1,2,0.367980258,1
1,2,0.368072909,0
1,1,0.418122798,1
1,2,0.551535453,1
1,2,0.367956077,1
1,1,0.484820669,1
1,2,0.434804534,1
1,1,0.367973585,1
1,1,0.651621035,1
1,2,0.451469048,1
1,2,0.36802018,1
1,1,0.351352974,1
1,1,0.334603342,1
1,2,0.434726756,0
1,1,0.434720428,1
1,2,0.468105758,1
1,2,0.334671151,1
1,1,0.468058819,1
1,1,0.368061376,1
1,1,0.284602656,1
1,2,0.317948167,1
1,1,0.301368236,0
1,2,0.401347699,1
1,2,0.468132284,1
1,2,0.334564683,1
1,1,0.301331435,1
1,2,0.334677,1
1,1,0.434726019,1
1,2,0.451470692,1
1,1,0.568190993,1
1,2,0.568352491,1
1,2,0.35133479,0
1,1,0.434762772,1
1,2,0.351470683,1
1,1,0.384731973,0
1,2,0.384799394,1
1,2,0.368002624,1
1,1,0.468168278,1
1,2,0.351343062,1
1,2,0.551613789,1
1,1,0.351332823,1
1,2,0.384766739,1
1,2,0.384676098,1
1,2,0.351270293,1
1,2,0.334672533,1
1,1,0.351331429,1
1,1,0.251285428,0
1,1,0.451504961,1
1,1,0.334629817,1
1,1,0.267820181,1
1,1,0.367965609,1
1,2,0.45150029,1
1,1,0.468032047,1
1,1,0.418052755,1
1,1,0.351404707,1
1,2,0.351281401,1
1,2,0.284605867,0
1,2,0.701737162,1
1,1,0.368015563,1
1,1,0.284545477,1
1,1,0.368035168,1
1,2,0.351389573,1
1,1,0.367903833,1
1,1,0.401406587,1
1,1,0.418070382,1
1,1,0.3346896,1
1,1,0.351385642,1
1,2,0.501534725,1
1,1,0.551562799,1
1,2,0.317950307,0
1,2,0.368044889,0
1,2,0.351351081,1
1,2,0.484870832,1
1,1,0.301304706,1
1,2,0.334710538,0
1,2,0.53491767,1
1,2,0.284655287,1
1,1,0.384746408,1
1,1,0.434707744,1
1,2,0.751742387,1
1,1,0.401344287,1
1,1,0.368005598,1
1,2,0.451494237,1
1,1,0.351372797,1
1,1,0.351333439,1
1,2,0.418037905,1
1,2,0.384670868,1
1,2,0.368020641,1
1,2,0.318021729,1
1,1,0.401404115,1
1,2,0.568312723,1
1,1,0.384660658,1
1,1,0.367953245,1
1,2,0.451429566,1
1,2,0.518194184,1
1,2,0.551458435,1
1,1,0.401436222,1
1,1,0.384705133,1
1,1,0.668347602,1
1,2,0.451486967,0
1,1,0.468190996,1
1,2,0.28462982,0
1,1,0.835227425,1
1,1,0.418122729,1
1,2,0.384654583,1
1,1,0.401389875,0
1,1,0.501567206,1
1,2,0.434728108,1
1,2,0.451310143,1
1,1,0.3680082,1
1,1,0.501480127,1
1,1,0.417862465,1
1,1,0.367994425,1
1,2,0.434755963,1
1,2,0.468103,1
1,2,0.501533369,1
1,2,0.601577636,1
1,2,0.384508856,1
1,2,0.384621445,1
1,2,0.351309151,0
1,1,0.518261598,1
1,2,0.451454447,1
1,2,0.434726996,1
1,2,0.501568343,1
1,1,0.468199773,1
1,1,0.334394954,1
1,2,0.35130073,0
1,1,0.518189396,1
1,1,0.384625723,1
1,1,0.317969099,1
1,2,0.36805681,1
1,1,0.501549284,1
1,1,0.384756664,1
1,1,0.351431633,1
1,2,0.468044958,1
1,1,0.518148914,1
1,1,0.401392493,1
1,2,0.301335622,1
1,1,0.334666144,1
1,2,0.418015885,1
1,2,0.384707164,1
1,1,0.468087553,1
1,1,0.368082643,1
1,2,0.33465447,1
1,1,0.317973889,1
1,2,0.35123107,1
1,2,0.451479755,1
1,1,0.418181787,1
1,2,0.334714578,0
1,1,0.751804575,1
1,2,0.368065169,1
1,1,0.35137214,0
1,1,0.334697809,1
1,1,0.384694579,1
1,1,0.28459585,1
1,1,0.43478526,1
1,2,0.468115943,1
1,1,0.418028944,1
1,1,0.434820231,1
1,2,0.451494134,1
1,2,0.418111184,1
1,2,0.334622506,1
1,1,0.484765979,1
1,2,0.384759917,1
1,2,0.368026875,1
1,1,0.367999692,1
1,2,0.401376565,1
1,2,0.351394539,1
1,2,0.317922463,1
1,1,0.317956104,1
1,1,0.317943193,1
1,1,0.351325652,1
1,2,0.367902641,1
1,2,0.451509,1
1,2,0.468141226,1
1,2,0.301317334,1
1,1,0.301264809,1
1,2,0.384801466,1
1,2,0.468115295,1
1,2,0.317956482,1
1,1,0.301292197,1
1,2,0.451470704,1
1,1,0.601564499,1
1,2,0.36808191,1
1,2,0.351304753,1
1,2,0.368015988,1
1,1,0.36804897,1
1,1,0.418147976,1
1,1,0.351403901,1
1,1,0.368108964,1
1,1,0.334679983,0
1,2,0.434897353,1
1,1,0.434761154,1
1,1,0.334570369,1
1,2,0.267953982,0
1,2,0.351434818,1
1,1,0.351463185,1
1,1,0.518166325,1
1,1,0.334610469,1
1,2,0.368012223,1
1,1,0.334657148,1
1,2,0.301299323,0
1,1,0.368086481,1
1,2,0.418152115,1
1,2,0.501512234,1
1,1,0.434707301,1
1,1,0.334688677,1
1,2,0.28463495,0
1,1,0.368069216,1
1,1,0.317950541,1
1,2,0.384751323,0
1,2,0.468090454,1
1,1,0.384717231,1
1,2,0.334781666,0
1,1,0.368070675,1
1,1,0.334720646,1
1,2,0.518252786,1
1,2,0.418064307,1
1,2,0.33463312,1
1,2,0.351272845,1
1,1,0.484888984,1
1,1,0.401423026,1
1,2,0.351285906,1
1,1,0.618352658,1
1,1,0.351318232,0
1,2,0.468099041,1
1,2,0.334641588,1
1,2,0.418161638,1
1,1,0.31795711,1
1,1,0.368042302,1
1,2,0.367915038,1
1,1,0.318059534,1
1,2,0.334623813,0
1,2,0.284547028,0
1,2,0.501570904,1
1,2,0.367984148,1
1,1,0.451471179,1
1,1,0.334625306,1
1,1,0.384598741,1
1,1,0.468065945,1
1,1,0.384744794,1
1,2,0.334577836,1
1,1,0.317994119,1
1,2,0.418136611,1
1,1,0.351356022,1
1,2,0.401343089,1
1,2,0.401515214,1
1,2,0.434786713,1
1,1,0.401345034,1
1,2,0.301246276,1
1,2,0.418160192,1
1,2,0.451415603,1
1,1,0.334703722,1
1,2,0.351313748,0
1,1,0.384813364,1
1,1,0.418114085,1
1,2,0.351329256,1
1,1,0.367996013,1
1,1,0.501523658,1
1,1,0.368092307,1
1,1,0.367706277,1
1,1,0.367916775,0
1,2,0.451370326,1
1,1,0.368033493,1
1,2,0.401433109,1
1,1,0.401446034,1
1,1,0.468129168,1
1,2,0.334651922,0
1,2,0.334667821,1
1,2,0.301268174,0
1,2,0.367936182,0
1,1,0.518098125,1
1,1,0.38470502,1
1,2,0.384718377,1
1,2,0.434782751,1
1,1,0.451333073,1
1,1,0.50153225,1
1,1,0.685088731,1
1,2,0.418096175,1
1,2,0.468264184,1
1,2,0.601655036,0
1,1,0.534927794,1
1,2,0.401452069,1
1,1,0.401297276,1
1,2,0.351272448,1
1,2,0.484773555,1
1,1,0.735116782,1
1,1,0.484807141,1
1,1,0.418097785,1
1,2,0.334601065,0
1,1,0.501540829,1
1,2,0.351358048,1
1,1,0.368007675,1
1,1,0.518197901,1
1,2,0.501547778,1
1,2,0.351437757,1
1,2,0.434822189,1
1,1,0.351294964,1
1,1,0.418061265,1
1,2,0.368087489,1
1,2,0.451513777,1
1,2,0.434788374,1
1,1,0.384726137,1
1,1,0.568266359,1
1,1,0.468053498,1
1,1,0.351355045,1
1,1,0.384698471,1
1,2,0.434765446,1
1,2,0.551494872,1
1,1,0.451460631,1
1,2,0.7685151,1
1,2,0.351337349,1
1,1,0.401438892,1
1,2,0.401374715,1
1,2,0.468163105,1
1,1,0.401441192,1
1,1,0.484847121,1
1,1,0.484801305,1
1,2,0.434725598,0
1,2,0.735100891,1
1,2,0.568229718,1
1,1,0.334612853,1
1,1,0.451474927,1
1,2,0.468137175,1
1,2,0.468264389,1
1,1,0.451411101,0
1,1,0.384732416,1
1,1,0.43477053,1
1,2,0.668305206,1
1,2,0.367944097,1
1,1,0.484887993,1
1,2,0.601687744,1
1,2,0.768431081,1
1,2,0.468136676,1
1,1,0.451399516,1
1,2,0.484846354,1
1,2,0.518180794,1
1,2,0.501528809,1
1,2,0.568279703,1
1,2,0.618389622,1
1,1,0.434734219,1
1,2,0.418052543,1
1,2,0.451495588,1
1,1,0.501525747,1
1,2,0.518203428,1
1,2,0.518254597,1
1,1,0.434734947,1
1,1,0.434824295,1
1,1,0.434775138,1
1,1,0.434782363,1
1,1,0.451499497,1
1,1,0.401458452,1
1,1,0.418037762,1
1,2,0.468096005,1
1,2,0.518219716,1
1,2,0.518213176,1
1,1,0.568228153,1
1,1,0.484800391,1
1,1,0.468161089,1
1,2,0.60168028,1
1,2,0.384726971,1
1,1,0.518152448,1
1,2,0.501567642,1
1,2,0.434720504,1
1,1,0.484795196,1
1,2,0.4847869,1
1,1,0.484787673,1
1,2,0.584947116,1
1,2,0.418078712,1
1,2,0.484802959,1
1,2,0.468073359,1
1,2,0.518146541,1
1,1,0.568271713,1
1,1,0.418091365,1
1,1,0.45142587,1
1,2,0.451330914,1
1,1,0.634970086,1
1,1,0.634973976,1
1,1,0.534877632,1
1,1,0.468169449,1
1,1,0.401404102,1
1,2,0.568078616,1
1,2,0.65163438,1
1,2,0.468015256,1
1,2,0.601607768,1
1,1,0.484874006,1
1,1,0.534900097,1
1,1,0.351328969,1
1,1,0.3845977,1
1,2,0.401501119,1
1,2,0.518245646,1
1,2,0.568233539,1
1,2,0.568282135,1
1,2,0.518059271,1
1,1,0.534948666,1
1,1,0.518103884,1
1,1,0.901937014,1
1,1,0.568279667,1
1,1,0.484855218,1
1,1,0.501471007,1
1,2,0.484774663,1
1,1,0.518159295,1
1,2,0.75172689,1
1,1,0.534839709,1
1,2,0.584885557,1
1,2,0.468110621,1
1,1,0.451450711,1
1,2,0.468138194,1
1,1,0.484864437,1
1,2,0.718409962,1
1,1,0.818542807,1
1,1,0.468094274,1
1,1,0.401401631,1
1,2,0.501474968,1
1,2,0.534899518,1
1,2,0.601692001,1
1,2,0.401476853,1
1,1,0.384694195,1
1,1,0.334567977,1
1,1,0.368076527,1
1,2,0.384688202,1
1,2,0.351331548,1
1,2,0.484718807,1
1,2,0.384729274,1
1,1,0.368094509,1
1,2,0.484893727,1
1,1,0.451351648,1
1,2,0.317951892,1
1,2,0.401377336,1
1,2,0.551592226,1
1,1,0.367982538,1
1,2,0.417836999,1
1,2,0.334698629,0
1,1,0.384687546,1
1,1,0.518223463,1
1,1,0.43482636,1
1,1,0.401389217,1
1,2,0.401399418,1
1,2,0.384723326,1
1,1,0.635020896,1
1,1,0.635057747,1
1,2,0.468113147,1
1,2,0.55166673,1
1,1,0.434735552,1
1,2,0.701778574,1
1,2,0.584845069,1
1,1,0.384602254,1
1,1,0.501504257,1
1,2,0.434748013,1
1,1,0.418099852,1
1,1,0.56818617,1
1,2,0.334604544,1
1,1,0.418046705,1
1,1,1.085533278,1
1,1,0.434840046,1
1,1,0.351368635,1
1,2,0.384645084,1
1,2,0.368039103,1
1,2,0.368054063,1
1,1,0.551425548,1
1,2,0.534999191,1
1,2,0.484869859,1
1,1,0.368007059,1
1,2,0.401381733,1
1,1,0.434831223,1
1,1,0.53483207,0
1,2,0.568209698,1
1,2,0.601665829,1
1,1,0.451485358,1
1,1,0.401448708,1
1,2,0.518176477,1
1,1,0.451445334,1
1,1,0.434816269,1
1,2,0.434818993,1
1,1,0.418128885,1
1,2,0.601571911,1
1,2,0.501552604,1
1,1,0.484819678,0
1,2,0.501572008,1
1,2,0.368042905,1
1,1,0.468020727,1
1,2,0.418037032,1
1,2,0.418035266,1
1,1,0.451475564,1
1,1,0.401450394,1
1,1,0.317979241,1
1,2,0.468179012,0
1,1,0.368026268,1
1,2,0.63502548,1
1,2,0.501480417,1
1,2,0.484764956,1
1,1,0.40145066,1
1,1,0.401417653,1
1,1,0.434700539,1
1,2,0.451417534,1
1,2,0.568296098,1
1,2,0.55157184,1
1,1,0.468012192,1
1,1,0.351358379,1
1,1,0.468160199,1
1,1,0.53482736,1
1,1,0.451428872,1
1,2,0.501392757,1
1,1,0.484804416,1
1,1,0.451472451,1
1,2,0.484789238,1
1,1,0.468025169,1
1,1,0.518258235,1
1,1,0.518217525,1
1,1,0.46814524,1
1,2,0.935295062,1
1,1,0.334600773,1
1,2,0.551593025,1
1,2,0.384788194,1
1,2,0.518213081,1
1,1,0.534925502,1
1,1,0.518214479,1
1,2,0.434715915,0
1,1,0.618342848,1
1,2,0.534857874,1
1,2,0.518237897,1
1,2,0.518171139,1
1,1,0.418009942,1
1,2,0.76851122,1
1,2,0.434473111,1
1,2,0.735135354,1
1,1,0.368019159,1
1,1,0.384703746,1
1,2,0.484879709,1
1,1,0.334664113,1
1,2,0.384724266,1
1,1,0.584998151,1
1,1,0.368010217,1
1,1,0.451337625,1
1,1,0.685032048,1
1,2,0.384598149,1
1,2,0.46816594,1
1,2,0.618349203,1
1,2,0.40139374,0
1,2,0.484813136,1
1,1,0.401355376,1
1,1,0.401388524,0
1,2,0.501530721,1
1,1,0.952059607,1
1,1,1.185664985,1
1,2,0.518196861,1
1,1,0.801898108,0
1,2,0.451454265,1
1,1,0.40138821,1
1,2,0.401269691,1
1,1,0.334702203,1
1,2,0.60168724,1
1,2,0.401440435,1
1,2,0.418040988,1
1,2,0.88523233,1
1,1,0.584931693,1
1,1,0.401354297,1
1,1,0.568213669,1
1,1,0.51822785,1
1,2,0.935295615,1
1,1,0.417790509,0
1,2,0.434725438,1
1,2,0.501545342,1
1,1,0.48457081,1
1,1,0.634865979,1
1,2,0.501414042,1
1,1,1.202315051,1
1,2,0.684946857,1
1,2,0.367908356,0
1,2,0.468073982,1
1,2,0.434768409,1
1,2,0.468121062,1
1,1,0.384775832,1
1,1,0.451384835,1
1,2,0.451391815,1
1,2,0.401451318,1
1,1,0.484843887,1
1,1,0.468068238,1
1,2,0.401428674,1
1,1,0.484807263,1
1,1,0.60158778,1
1,2,0.501507058,1
1,1,0.518163313,1
1,1,0.401358967,1
1,2,0.451393451,1
1,2,0.351324777,1
1,2,0.434819748,1
1,1,0.418026692,1
1,2,0.40142281,1
1,1,0.418102443,1
1,1,0.468119595,1
1,2,0.434681665,1
1,1,0.451424545,1
1,1,0.418071837,1
1,1,0.418098383,1
1,2,0.501464544,1
1,1,0.53482107,1
1,2,0.501485444,1
1,2,0.401405707,1
1,2,0.434674461,1
1,1,0.451460314,1
1,1,0.434821491,1
1,2,0.585004923,1
1,2,0.584891759,1
1,1,0.418160908,1
1,1,0.801906637,1
1,2,0.651604403,1
1,2,0.818483428,1
1,1,0.484781831,1
1,1,0.584888579,1
1,2,0.601481739,1
1,2,0.50150134,1
1,1,0.551568331,1
1,1,0.518225954,1
1,1,0.55162204,1
1,2,0.468145804,0
1,2,0.451400651,1
1,2,0.451503578,1
1,2,0.468063339,1
1,1,0.534928934,1
1,2,0.43484821,1
1,1,0.434757025,1
1,2,0.50149389,1
1,2,0.51819097,1
1,2,0.468086918,1
1,1,0.401451467,1
1,1,0.43475209,1
1,2,0.351248789,0
1,2,0.468046393,1
1,1,0.434774279,1
1,2,0.418105466,0
1,1,0.434736554,1
1,1,1.202247832,1
1,1,0.367995325,1
1,2,0.368084928,1
1,1,0.601629888,1
1,2,0.401397075,1
1,1,0.434798599,1
1,2,0.367937124,1
1,1,0.317919918,1
1,1,0.234570734,1
1,1,0.351384724,1
1,2,0.418040615,1
1,2,0.35128476,0
1,1,0.451435038,1
1,1,0.334645499,1
1,1,0.434822372,1
1,1,0.318041295,1
1,2,0.318027782,1
1,1,0.35120746,0
1,1,0.568220513,1
1,2,0.368000524,1
1,2,0.384786605,1
1,2,0.334624084,1
1,1,0.484878515,1
1,1,0.43483467,1
1,1,0.418146459,1
1,1,0.434828779,1
1,2,0.334623758,1
1,1,0.401365708,1
1,1,0.367985691,1
1,1,0.418146859,1
1,1,0.401355587,1
1,2,0.418011401,1
1,1,0.368005976,1
1,2,0.368048229,1
1,2,0.58495849,1
1,2,0.418079708,1
1,2,0.318031752,1
1,2,0.334603786,1
1,1,0.301227693,1
1,2,0.33473784,0
1,2,0.534871438,1
1,1,0.534945726,0
1,2,0.551562218,1
1,2,0.368035182,1
1,1,0.484808846,1
1,2,0.585037839,1
1,2,0.401413262,1
1,2,0.384717221,1
1,2,0.334713576,1
1,2,0.334710426,1
1,1,0.284563768,1
1,1,0.301354305,1
1,2,0.568256951,1
1,1,0.367935118,1
1,1,0.401367765,1
1,1,0.618343179,1
1,1,0.401343466,1
1,2,0.468007668,0
1,2,0.601649748,1
1,2,0.651720018,1
1,2,0.368061181,1
1,1,0.718366016,1
1,1,0.301257573,0
1,2,0.634966991,1
1,2,0.418039058,1
1,2,0.351346845,1
1,2,0.46809979,1
1,1,0.334608102,1
1,2,0.368008198,1
1,1,0.384685314,1
1,1,0.417980994,1
1,2,0.451556189,1
1,2,0.368031053,1
1,2,0.401450963,1
1,1,0.418116614,1
1,1,0.451268857,1
1,2,0.635058428,1
1,2,0.368093912,1
1,1,0.334558291,1
1,1,0.36801478,1
1,1,0.384661801,1
1,1,0.368072473,1
1,2,0.367981992,1
1,1,0.334694811,1
1,1,0.434821466,1
1,1,0.351366951,1
1,2,0.418026366,1
1,1,0.317930557,1
1,2,0.434764138,1
1,2,0.401349711,1
1,2,0.401425843,1
1,2,0.468181746,1
1,2,0.351377329,1
1,2,0.334624132,0
1,1,0.484831766,1
1,1,0.418020953,1
1,1,0.334597613,1
1,2,0.368063554,1
1,1,0.384793965,1
1,2,0.367981992,1
1,1,0.351216566,1
1,2,0.451453712,1
1,2,0.401299315,1
1,1,0.351330134,1
1,1,0.434768042,1
1,1,0.368012522,1
1,1,0.384716355,1
1,2,0.351283888,1
1,2,0.334681492,1
1,2,0.351383378,1
1,1,0.384695689,1
1,2,0.301259705,1
1,1,0.384693808,1
1,1,0.401355156,1
1,2,0.418030486,0
1,1,0.384745299,1
1,2,0.317951114,0
1,2,0.384777947,1
1,2,0.401341058,1
1,1,0.317676222,1
1,2,0.317851754,1
1,1,0.334577829,1
1,2,0.401349559,1
1,2,0.317928114,1
1,1,0.418100986,1
1,2,0.384700966,1
1,2,0.451433004,1
1,1,0.351348003,1
1,1,0.351318139,1
1,1,0.33445973,1
1,1,0.318004236,1
1,1,0.434742963,1
1,2,0.584901617,1
1,2,0.451426203,1
1,2,0.451443482,1
1,1,0.468181533,1
1,2,0.384761385,1
1,2,0.4514694,1
1,2,0.418062085,1
1,1,0.418078115,1
1,2,0.334624843,1
1,2,0.301348693,1
1,2,0.284572351,0
1,1,0.434781283,1
1,1,0.468095589,1
1,2,0.518251953,1
1,2,0.367896637,1
1,1,0.384725271,1
1,1,0.38478648,1
1,1,0.318033068,1
1,2,0.401386687,1
1,1,0.401423245,1
1,1,0.317935929,0
1,1,0.501301969,1
1,2,0.368017381,1
1,1,0.568206207,1
1,2,0.384591334,1
1,2,0.451452766,1
1,1,0.467828496,1
1,2,0.484780997,1
1,1,0.401459061,1
1,1,0.334346748,1
1,1,0.351349938,1
1,1,0.418134251,1
1,2,0.351397314,1
1,2,0.451482148,1
1,1,0.334668572,1
1,1,0.317932964,1
1,2,0.31793037,1
1,2,0.317963637,0
1,1,0.451429265,1
1,1,0.384742882,1
1,2,0.401363164,0
1,2,0.518232086,1
1,2,0.384452099,1
1,1,0.384716719,1
1,1,0.301280535,1
1,2,0.26793602,1
1,1,0.38468225,1
1,2,0.301311112,0
1,1,0.568194105,1
1,2,0.351296652,1
1,1,0.367943209,1
1,1,0.451352153,1
1,1,0.284627469,0
1,2,0.534875446,0
1,1,0.484758069,1
1,2,0.518202826,1
1,1,0.418039227,1
1,1,0.434713927,1
1,1,0.38474834,1
1,2,0.401411099,1
1,1,0.401432356,1
1,1,0.48479779,1
1,1,0.401481229,1
1,2,0.351220097,1
1,2,0.418009195,1
1,2,0.551544015,1
1,2,0.351340163,1
1,1,0.384741436,1
1,2,0.351403547,1
1,2,0.384663164,1
1,2,0.401418984,1
1,2,0.384715964,1
1,1,0.418100007,1
1,1,0.484886678,1
1,1,0.367980621,1
1,2,0.451335525,0
1,1,0.451479022,1
1,1,0.401377802,1
1,2,0.351317265,1
1,1,0.401458754,1
1,2,0.351271045,1
1,2,0.384660016,1
1,2,0.468178597,1
1,1,0.451413376,1
1,2,0.317981977,1
1,2,0.384691397,1
1,1,0.351008899,1
1,2,0.30126684,1
1,1,0.301235613,1
1,1,0.317974938,1
1,2,0.367972741,0
1,1,0.518163762,1
1,2,0.351240244,1
1,1,0.384770844,1
1,1,0.31794164,1
1,2,0.334619775,1
1,2,0.284544473,1
1,1,0.401393586,1
1,2,0.33477173,0
1,1,0.584852844,1
1,2,0.401367497,1
1,2,0.468084674,1
1,1,0.351329452,1
1,2,0.267949638,0
1,2,0.401347305,1
1,1,0.368057756,1
1,1,0.368027419,1
1,1,0.334583175,1
1,2,0.484836444,1
1,1,0.368038571,1
1,2,0.317946974,1
1,2,0.384684492,1
1,1,0.367981708,0
1,1,0.351365177,1
1,1,0.4014004,1
1,1,0.334612156,1
1,2,0.584923024,1
1,1,0.317848919,1
1,1,0.351337039,1
1,2,0.317982675,0
1,1,0.401421946,1
1,2,0.43479283,1
1,1,0.384690538,1
1,1,0.434768545,1
1,2,0.401396469,1
1,1,0.384707834,1
1,2,0.351290589,1
1,2,0.468173125,1
1,2,0.885217183,1
1,1,0.484762249,1
1,1,0.41804187,1
1,2,0.484829689,1
1,1,0.367992855,1
1,1,0.434490958,1
1,1,0.351311142,1
1,2,0.484791399,1
1,2,0.384590089,1
1,1,0.418121212,1
1,2,0.418084465,1
1,1,0.367908996,1
1,2,0.351319111,1
1,2,0.418102344,1
1,2,0.38469754,1
1,2,0.451509537,1
1,2,0.451437291,1
1,2,0.418090696,1
1,1,0.501446706,1
1,2,0.418041637,1
1,2,0.317913065,1
1,1,0.368051288,1
1,2,0.368082916,1
1,1,0.301260932,1
1,1,0.468169635,1
1,1,0.418144645,1
1,2,0.434857907,1
1,2,0.368003833,1
1,2,0.418131216,1
1,2,0.384715623,1
1,1,0.334498679,1
1,2,0.401373782,1
1,1,0.368033973,1
1,2,0.284554171,1
1,1,0.551551465,1
1,1,0.368025387,1
1,1,0.384696359,1
1,1,0.384716035,1
1,2,0.367972688,1
1,2,0.351280557,1
1,2,0.334624037,1
1,2,0.367906691,1
1,1,0.384704949,1
1,1,0.351320877,1
1,1,0.384615391,1
1,1,0.334606796,1
1,1,0.351342718,1
1,2,0.551564613,1
1,1,0.368061979,1
1,1,0.351364219,1
1,2,0.551515049,1
1,1,0.418074511,1
1,1,0.351339,1
1,1,0.451516308,1
1,1,0.401311054,1
1,1,0.384699403,1
1,1,0.31798508,1
1,2,0.384660945,1
1,1,0.3180283,1
1,2,0.351353383,1
1,2,0.451455938,1
1,2,0.418118211,1
1,2,0.451476692,1
1,2,0.368005741,1
1,1,0.367990259,1
1,2,0.351295053,1
1,2,0.35136058,1
1,2,0.418078064,1
1,1,0.434734174,1
1,2,0.484852563,1
1,1,0.301288924,1
1,2,0.518181305,1
1,2,0.368016645,1
1,2,0.434798215,1
1,2,0.434792246,1
1,1,0.434795166,1
1,1,0.368055754,1
1,1,0.384695704,1
1,2,0.534935548,1
1,2,0.31795855,1
1,1,0.551532875,1
1,1,0.384761396,1
1,1,0.351319215,1
1,1,0.518104804,1
1,2,0.434712832,1
1,1,0.451433514,1
1,2,0.451478041,1
1,2,0.48479502,1
1,2,0.384606847,1
1,2,0.31801662,1
1,2,0.451412229,1
1,2,0.317906692,1
1,2,0.401308175,1
1,1,0.334697125,1
1,2,0.334734064,1
1,2,0.584915018,1
1,2,0.401385981,1
1,1,0.334636545,1
1,1,0.217896036,1
1,1,0.451319683,1
1,1,0.301255364,1
1,1,0.33436419,0
1,1,0.317914039,1
1,1,0.434728576,1
1,1,0.351323189,1
1,1,0.484861806,1
1,2,0.368089612,1
1,1,0.368036229,1
1,2,0.468078868,1
1,1,0.4014113,1
1,1,0.301297038,1
1,2,0.401359653,1
1,1,0.301272041,0
1,1,0.568224099,1
1,2,0.401451965,1
1,2,0.40131282,1
1,1,0.484757482,1
1,2,0.568226018,1
1,2,0.434663737,0
1,2,0.518270389,1
1,1,0.384630781,1
1,2,0.418048434,1
1,2,0.401392853,0
1,2,0.534871734,1
1,2,0.551577868,1
1,2,0.451399291,1
1,2,0.351306938,1
1,2,0.334693002,1
1,1,0.351332566,1
1,1,0.368073703,1
1,1,0.334604101,1
1,1,0.63492264,1
1,2,0.484812505,1
1,1,0.40139844,1
1,1,0.4848971,1
1,1,0.334667811,1
1,2,0.501522594,1
1,1,0.418083107,1
1,2,0.284651697,0
1,2,0.584803323,1
1,1,0.451377763,1
1,1,0.384654994,1
1,2,0.384690921,1
1,2,0.501404585,1
1,2,0.351281151,1
1,1,0.368025111,1
1,1,0.334659238,1
1,1,0.334665909,1
1,1,0.334724973,1
1,1,0.31788062,1
1,1,0.301250707,1
1,2,0.367956518,1
1,2,0.334609656,1
1,2,0.334705998,1
1,1,0.301340992,1
1,1,0.401457915,1
1,1,0.401415335,1
1,2,0.368061109,0
1,1,0.38474059,1
1,1,0.434777511,1
1,2,0.384710363,1
1,2,0.317956459,1
1,2,0.284629208,0
1,2,0.318012263,1
1,2,0.284474803,1
1,2,0.401414582,1
1,1,0.351304431,1
1,1,0.367986755,1
1,1,0.367974961,1
1,2,0.384712135,0
1,1,0.434701163,1
1,1,0.368065999,1
1,1,0.301034927,1
1,2,0.401422904,1
1,2,0.317931967,1
1,2,0.334621583,1
1,2,0.367998013,1
1,1,0.351324824,1
1,2,0.351412361,1
1,2,0.418088757,1
1,1,0.301329968,1
1,1,0.367935844,1
1,1,0.301269233,1
1,1,0.301293672,0
1,1,0.468048851,1
1,2,0.317954326,1
1,2,0.301340209,1
1,1,0.284618876,1
1,2,0.284575958,1
1,1,0.251160376,1
1,2,0.351302371,1
1,2,0.368147847,1
1,2,0.401401957,1
1,2,0.368095683,1
1,1,0.334626681,1
1,1,0.401440091,1
1,1,0.367999854,1
1,1,0.36796756,1
1,1,0.284557113,1
1,2,0.418084273,1
1,1,0.301184676,1
1,2,1.202300722,1
1,1,0.40138036,1
1,1,0.351303465,1
1,1,0.351424456,1
1,2,0.33463244,1
1,2,0.418086679,1
1,2,0.334536414,1
1,1,0.317946462,1
1,2,0.301292921,1
1,1,0.284613752,1
1,1,0.201240816,0
1,2,0.384620015,1
1,2,0.284630184,1
1,1,0.351326857,1
1,1,0.351358518,1
1,1,0.401456033,1
1,1,0.317903347,1
1,1,0.334721957,1
1,2,0.368066018,1
1,1,0.367993645,1
1,2,0.284544865,0
1,1,0.451415449,1
1,2,0.317956862,1
1,2,0.36803548,1
1,2,0.368010642,1
1,2,0.368017493,1
1,1,0.317941853,1
1,1,0.301311131,0
1,1,0.61827916,1
1,2,0.317929195,1
1,2,0.351050215,1
1,1,0.284643896,1
1,1,0.384710029,1
1,2,0.317983087,1
1,1,0.351333855,1
1,2,0.301262658,0
1,2,0.334624682,1
1,2,0.418038053,1
1,1,0.301300266,1
1,2,0.251204165,1
1,2,0.334668405,1
1,2,0.401364254,1
1,1,0.301413564,1
1,1,0.334602406,1
1,2,0.301297173,1
1,2,0.401353457,1
1,2,0.468179309,1
1,2,0.334632316,1
1,1,0.434657207,1
1,2,0.434805482,1
1,1,0.317967492,1
1,2,0.284588429,1
1,1,0.418128469,1
1,2,0.434811074,1
1,1,0.301258616,1
1,2,0.317951632,1
1,2,0.468087589,1
1,1,0.301241393,0
1,1,0.368028851,1
1,1,0.401335676,1
1,2,0.301350771,1
1,2,0.40138715,0
1,2,0.334684379,1
1,1,0.351290055,1
1,2,0.31792554,1
1,2,0.368074222,1
1,2,0.351395366,1
1,1,0.368068571,1
1,1,0.351340312,1
1,1,0.284507767,1
1,1,0.301225197,1
1,1,0.468029543,1
1,2,0.401447293,1
1,1,0.301245525,1
1,1,0.284554395,1
1,1,0.284540571,1
1,2,0.367971402,1
1,1,0.267861819,1
1,2,0.368085034,1
1,2,0.318003789,1
1,2,0.3179586,0
1,2,0.418138884,1
1,2,0.267953417,1
1,2,0.33461107,1
1,2,0.284621752,0
1,1,0.301209894,1
1,1,0.317982243,1
1,2,0.334662079,0
1,2,0.367963496,1
1,1,0.301325011,0
1,1,0.301276889,1
1,2,0.401404478,1
1,2,0.334652955,1
1,1,0.284606403,1
1,1,0.30123675,1
1,1,0.451148601,1
1,1,0.351323043,1
1,2,0.284502836,0
1,2,0.501572729,1
1,2,0.368082851,1
1,1,0.284585518,1
1,2,0.551616074,1
1,1,0.351309517,1
1,1,0.301238159,1
1,1,0.284655459,1
1,2,0.267934665,0
1,2,0.31792011,1
1,2,0.418115652,1
1,1,0.317977339,1
1,1,0.301264031,1
1,2,0.301327224,1
1,1,0.351292377,1
1,1,0.317737575,1
1,1,0.334662116,1
1,1,0.43482055,1
1,2,0.301243136,1
1,2,0.384675682,1
1,1,0.31795838,1
1,2,0.334670057,1
1,1,0.284549727,1
1,1,0.284610525,1
1,1,0.334679567,1
1,2,0.351288855,1
1,2,0.334699998,0
1,1,0.384720911,1
1,1,0.334651171,1
1,2,0.367984212,1
1,1,0.418149847,1
1,2,0.334676216,1
1,1,0.317981033,1
1,2,0.317955226,1
1,1,0.301244368,1
1,2,0.301240377,0
1,2,0.284584101,0
1,1,0.367986105,1
1,1,0.334597727,1
1,1,0.351295467,1
1,2,0.401388567,1
1,1,0.334719946,1
1,2,0.301336051,0
1,1,0.351218704,1
1,2,0.434761954,1
1,1,0.334654962,1
1,1,0.284535505,1
1,2,0.301262255,0
1,2,0.468189965,1
1,1,0.317923555,1
1,2,0.334663658,0
1,2,0.401456909,0
1,2,0.384664174,1
1,2,0.384746451,1
1,2,0.434766924,1
1,1,0.3679746,1
1,1,0.334705452,1
1,1,0.317953161,1
1,2,0.351366217,1
1,2,0.418115707,1
1,1,0.33451805,1
1,2,0.418007248,1
1,2,0.484869427,1
1,2,0.601659547,1
1,2,0.267980101,0
1,1,0.384748434,1
1,2,0.868570888,1
1,1,0.368007269,1
1,1,0.317992717,1
1,1,0.301236053,1
1,1,0.318025538,1
1,2,0.351212819,1
1,1,0.368041579,1
1,1,0.401107776,1
1,1,0.267933033,1
1,2,0.468157362,1
1,2,0.351341564,1
1,1,0.284556427,1
1,2,0.31796491,0
1,2,0.367992067,1
1,2,0.334646143,1
1,2,0.534833644,1
1,1,0.401392066,1
1,2,0.318055849,1
1,2,0.351299772,1
1,2,0.417754169,0
1,2,0.618328562,1
1,2,0.368022038,1
1,2,0.401379065,1
1,1,0.317659368,1
1,2,0.351303786,1
1,2,0.401403832,0
1,1,0.334602983,1
1,2,0.418067157,1
1,2,0.267904211,1
1,1,0.3346303,1
1,2,0.301323464,1
1,1,0.284537438,1
1,2,0.401461723,1
1,1,0.334691989,1
1,1,0.334652753,1
1,2,0.217879063,1
1,1,0.43478874,1
1,2,0.317956362,0
1,1,0.368034969,1
1,1,0.317943234,1
1,1,0.301305855,1
1,2,0.35135009,1
1,2,0.334610611,0
1,1,0.33471151,1
1,1,0.284637374,0
1,1,0.351328925,1
1,1,0.334695563,1
1,1,0.284667105,1
1,2,0.317910564,0
1,1,0.301290356,1
1,2,0.40141962,1
1,1,0.267958209,1
1,1,0.318012337,1
1,2,0.434812703,1
1,1,0.35140594,1
1,2,0.401367182,1
1,1,0.351293194,1
1,2,0.301303576,0
1,1,0.368039406,1
1,2,0.48479422,1
1,2,0.368080096,0
1,1,0.534854644,1
1,1,0.301320741,1
1,2,0.468146724,1
1,2,0.251218376,1
1,1,0.284533323,1
1,2,0.251094231,1
1,1,0.251182524,0
1,2,0.568294012,1
1,2,0.267885292,0
1,1,0.501388573,1
1,2,0.351373263,1
1,2,0.334599945,1
1,2,0.468073225,1
1,1,0.317975219,1
1,2,0.434744229,1
1,2,0.484843179,1
1,1,0.367973948,1
1,1,0.351361798,1
1,1,0.301321124,1
1,2,0.368029238,1
1,2,0.36807845,1
1,2,0.267865006,0
1,1,0.434759757,1
1,1,0.301342339,1
1,1,0.334546681,1
1,1,0.367975431,1
1,1,0.367990189,1
1,1,0.401299917,1
1,1,0.334709587,1
1,2,0.451433288,1
1,1,0.367925262,1
1,1,0.318039228,1
1,2,0.317940136,1
1,2,0.267968412,1
1,1,0.317971922,1
1,1,0.284502137,0
1,1,0.551628922,1
1,2,0.384767679,1
1,2,0.418089886,1
1,1,0.384701611,1
1,1,0.384787324,1
1,1,0.368080179,1
1,2,0.418111761,1
1,2,0.351346157,1
1,2,0.50156374,1
1,1,0.351452361,0
1,2,0.534895639,1
1,2,0.401457324,1
1,2,0.518157688,1
1,1,0.301251518,1
1,2,0.317932229,1
1,1,0.384687146,1
1,2,0.501557306,1
1,1,0.351363332,1
1,1,0.317659925,1
1,2,0.234535914,0
1,2,0.434819399,1
1,2,0.368074276,1
1,2,0.418045276,1
1,2,0.334628677,1
1,2,0.267930145,1
1,2,0.301273634,1
1,2,0.251172705,0
1,1,0.451424456,1
1,1,0.317946265,1
1,2,0.301277278,1
1,2,0.28456226,1
1,1,0.317940919,0
1,2,0.51826576,1
1,1,0.351368182,1
1,2,0.217715525,0
1,1,0.384726487,1
1,1,0.534892814,1
1,1,0.234586144,0
1,2,0.634842307,1
1,1,0.351227586,1
1,1,0.317969761,0
1,1,0.351314482,1
1,1,0.401361099,1
1,1,0.351228039,1
1,2,0.484793592,1
1,2,0.334630508,1
1,2,0.384692168,1
1,1,0.334713377,1
1,1,0.267893814,1
1,2,0.317993106,1
1,1,0.4177682,1
1,2,0.434736502,1
1,1,0.33462598,1
1,1,0.334660833,1
1,1,0.384631881,1
1,2,0.668301732,1
1,1,0.384723312,1
1,2,0.38476666,1
1,1,0.384725811,1
1,2,0.334663688,1
1,1,0.301343765,1
1,1,0.468088375,1
1,1,0.368066635,1
1,2,0.368006432,1
1,2,0.3179006,1
1,1,0.334712189,1
1,2,0.334400453,1
1,2,0.568227272,1
1,2,0.468030058,1
1,1,0.334656282,1
1,2,0.334689807,1
1,1,0.317938854,1
1,1,0.334698114,1
1,1,0.384740686,1
1,2,0.317904111,1
1,2,0.234533645,1
1,1,0.267844562,1
1,1,0.217911631,0
1,2,0.33462578,1
1,2,0.301240582,0
1,1,0.351346041,1
1,1,0.368131279,1
1,2,0.284471746,1
1,1,0.468154471,1
1,2,0.468102482,1
1,1,0.351242871,1
1,1,0.401288495,1
1,1,0.418054018,1
1,1,0.451520619,1
1,2,0.351336978,1
1,1,0.401393928,1
1,2,0.418064819,1
1,1,0.351262956,1
1,2,0.501465243,1
1,2,0.401438883,1
1,1,0.384707856,1
1,2,0.334618104,1
1,2,0.434737249,1
1,1,0.368023642,1
1,1,0.334331198,1
1,1,0.418075326,1
1,2,0.451370882,1
1,2,0.367980382,1
1,2,0.301237793,0
1,2,0.451510872,1
1,1,0.384778933,1
1,2,0.41800526,1
1,1,0.418143472,1
1,1,0.434809696,1
1,2,0.351341846,1
1,1,0.317968311,1
1,2,0.368037125,1
1,2,0.418110533,0
1,2,0.601676838,1
1,2,0.301262026,1
1,2,0.401380818,1
1,1,0.317967326,1
1,2,0.401343223,1
1,1,0.401391925,1
1,1,0.2846596,1
1,2,0.301335529,1
1,2,0.384745466,1
1,1,0.401427469,1
1,1,0.434748896,1
1,1,0.384686651,1
1,2,0.434764135,1
1,2,0.351469057,0
1,2,0.367827191,1
1,2,0.501469212,1
1,1,0.401390926,1
1,1,0.351422486,1
1,1,0.401403869,1
1,1,0.351365001,1
1,1,0.267851685,0
1,1,0.318029804,1
1,1,0.33469586,1
1,1,0.334750669,1
1,1,0.284541228,1
1,2,0.401355352,0
1,1,0.334647852,1
1,1,0.301284984,1
1,2,0.384757644,0
1,2,0.568228375,1
1,1,0.451434358,1
1,1,0.351333058,1
1,1,0.351262441,1
1,2,0.451393974,1
1,1,0.351403879,1
1,2,0.418033781,1
1,2,0.317942432,1
1,2,0.451441194,1
1,1,0.351379391,1
1,2,0.501579764,1
1,2,0.451434695,1
1,1,0.384776951,1
1,2,0.36801275,1
1,1,0.367979178,1
1,1,0.36808751,1
1,1,0.284644717,1
1,2,0.384716608,0
1,1,0.451493258,1
1,1,0.284555902,1
1,2,0.301279864,1
1,2,0.301332936,0
1,2,0.451465881,1
1,1,0.418048944,1
1,2,0.317986813,1
1,2,0.368005136,0
1,2,0.434772539,1
1,2,0.351287486,1
1,1,0.334625358,1
1,2,0.618336642,1
1,2,0.334666163,1
1,1,0.367998497,1
1,2,0.368083257,1
1,1,0.401390338,1
1,2,0.384615311,1
1,1,0.384735356,1
1,2,0.43478614,1
1,2,0.334608473,1
1,1,0.601610455,1
1,1,0.368059173,1
1,1,0.317946796,1
1,2,0.367906834,1
1,2,0.351398418,1
1,2,0.267819692,0
1,2,0.451495068,1
1,1,0.618355169,1
1,1,0.418072044,1
1,2,0.284639694,0
1,1,0.284592017,1
1,2,0.501449478,1
1,1,0.301340983,1
1,2,0.284585404,1
1,1,0.334621382,1
1,1,0.284573521,1
1,2,0.301184702,0
1,1,0.368059938,1
1,1,0.267897542,1
1,2,0.317943515,0
1,1,0.301201029,1
1,1,0.368023754,1
1,1,0.3680485,1
1,2,0.267938544,0
1,2,0.468089237,1
1,1,0.334658961,1
1,1,0.334696756,1
1,2,0.468108551,1
1,2,0.41806936,0
1,2,0.534695796,1
1,2,0.368063845,1
1,2,0.384653444,0
1,1,0.31792075,1
1,1,0.318012859,1
1,1,0.384713391,1
1,1,0.284557277,1
1,2,0.301191326,1
1,2,0.334727431,1
1,1,0.184500372,0
1,1,0.468174999,1
1,1,0.501550697,1
1,2,0.351317219,1
1,2,0.351414383,1
1,2,0.334705809,1
1,1,0.351264943,1
1,2,0.35131757,0
1,2,0.401423546,1
1,1,0.284578898,1
1,2,0.418123961,1
1,2,0.401397356,1
1,1,0.301329074,1
1,2,0.317659172,1
1,2,0.334655109,1
1,2,0.284588305,1
1,1,0.434820393,1
1,1,0.401379302,1
1,2,0.418192526,1
1,2,0.468016241,1
1,1,0.384701507,1
1,1,0.384675399,1
1,2,0.367980698,1
1,2,0.384466061,1
1,1,0.351289747,1
1,2,0.384697346,1
1,1,0.334631595,1
1,1,0.351378801,1
1,2,0.401437177,1
1,1,0.468135769,1
1,2,0.518151204,1
1,1,0.301261085,1
1,2,0.451473207,1
1,1,0.284634892,1
1,1,0.317982649,1
1,2,0.301287184,1
1,2,0.35111614,1
1,2,0.284508093,0
1,2,0.334630779,0
1,1,0.48482056,1
1,1,0.401372857,1
1,1,0.334667889,1
1,2,0.351237958,1
1,2,0.36801479,0
1,2,0.434738728,1
1,2,0.434739428,1
1,1,0.317845246,1
1,2,0.468079025,1
1,1,0.384740671,1
1,2,0.601538046,1
1,2,0.318001981,1
1,2,0.36811183,1
1,1,0.351266251,1
1,1,0.368066336,1
1,1,0.351388054,1
1,2,0.334577839,1
1,2,0.384692916,1
1,1,0.334646138,1
1,1,0.36800525,1
1,1,0.384671038,1
1,1,0.368013221,1
1,2,0.384709666,1
1,2,0.317905879,1
1,2,0.451345229,1
1,1,0.401466864,1
1,1,0.368025704,1
1,1,0.318002564,1
1,1,0.368006997,1
1,2,0.384722439,1
1,1,0.468082306,1
1,2,0.351349377,1
1,2,0.501503008,1
1,1,0.401331802,1
1,1,0.267925381,1
1,1,0.418094751,1
1,1,0.351287693,1
1,2,0.451442524,1
1,2,0.451468219,1
1,1,0.401452417,1
1,2,0.401428298,1
1,1,0.351333384,1
1,2,0.451500599,1
1,1,0.368075498,1
1,2,0.401341402,1
1,2,0.351285269,1
1,2,0.284619182,1
1,2,0.484694862,1
1,2,0.434810484,1
1,2,0.418152554,1
1,1,0.518164834,1
1,1,0.367884814,1
1,1,0.334573157,1
1,1,0.384761689,1
1,2,0.367980239,1
1,2,0.368036899,0
1,2,0.451452,1
1,1,0.401462156,1
1,1,0.41813419,1
1,1,0.384720419,1
1,1,0.384696368,1
1,1,0.401292722,1
1,2,0.434830236,1
1,1,0.351309218,1
1,1,0.367907031,1
1,1,0.334529463,1
1,2,0.36797159,1
1,1,0.351353818,1
1,1,0.351083926,1
1,1,0.351269553,1
1,1,0.351401158,1
1,1,0.418090677,1
1,2,0.417992488,1
1,2,0.501474236,1
1,2,0.418113602,1
1,2,0.38469444,1
1,2,0.451481346,1
1,1,0.384674503,1
1,1,0.334695116,1
1,1,0.351246645,1
1,2,0.351333472,1
1,2,0.351274531,0
1,1,0.484795818,1
1,2,0.58489854,1
1,1,0.401376316,1
1,2,0.518180371,1
1,1,0.40141339,1
1,2,0.501502063,1
1,2,0.418000228,1
1,2,0.551547191,1
1,2,0.451463293,1
1,1,0.534944669,1
1,2,0.401392742,1
1,2,0.368093778,1
1,1,0.317929476,1
1,2,0.434763645,1
1,2,0.384657922,1
1,2,0.401340317,1
1,2,0.418147836,1
1,1,0.351407704,1
1,1,0.3345484,1
1,2,0.384724737,1
1,1,0.334610412,1
1,1,0.317908295,1
1,1,0.384678492,1
1,2,0.417994594,1
1,1,0.334706363,1
1,2,0.384662262,1
1,2,0.401352073,1
1,2,0.38468752,0
1,2,0.467956849,1
1,2,0.384673295,1
1,1,0.418026313,1
1,2,0.401368863,0
1,1,0.401411317,1
1,2,0.434749819,1
1,2,0.418082361,0
1,1,0.601640833,1
1,2,0.418144294,1
1,2,0.368028428,1
1,1,0.418122468,1
1,1,0.418020885,1
1,1,0.451514533,1
1,2,0.384711002,1
1,1,0.384757586,1
1,1,0.36807022,1
1,1,0.384712735,1
1,1,0.334634447,1
1,1,0.351231978,1
1,1,0.384757139,1
1,2,0.418051848,1
1,2,0.468131039,1
1,1,0.418039491,1
1,1,0.384730951,1
1,2,0.568232062,1
1,2,0.484824468,1
1,1,0.41804897,1
1,1,0.434830043,1
1,2,0.418114571,1
1,2,0.384584631,1
1,1,0.318006783,1
1,2,0.468131378,1
1,1,0.384718341,1
1,1,0.401317045,1
1,1,0.351348107,1
1,2,0.384663082,1
1,2,0.418081747,1
1,1,0.484886336,1
1,2,0.40139625,0
1,2,0.401458326,1
1,1,0.434801748,1
1,2,0.468179995,1
1,1,0.384681759,1
1,2,0.451490115,1
1,1,0.451459611,1
1,2,0.568254671,1
1,1,0.317990268,1
1,2,0.351305461,1
1,1,0.30134191,1
1,2,0.368020233,1
1,2,0.368088354,1
1,2,0.368078959,0
1,2,0.401464857,1
1,2,0.384661215,1
1,2,0.351365456,1
1,2,0.334575796,1
1,1,0.368020775,1
1,1,0.367967271,1
1,2,0.434813781,1
1,2,0.38473796,1
1,2,0.401379622,1
1,1,0.368047738,1
1,1,0.368020432,1
1,1,0.534869988,1
1,1,0.451416398,1
1,2,0.80175963,1
1,1,0.434744318,1
1,1,0.684985293,1
1,1,0.334656759,1
1,2,0.334642865,0
1,2,0.501531248,1
1,1,0.367791987,1
1,1,0.468086747,1
1,1,0.418079809,1
1,1,0.434786334,1
1,2,0.36803882,1
1,2,0.368017063,1
1,2,0.484812346,1
1,2,0.451425129,0
1,1,1.00211151,1
1,1,0.418111905,1
1,1,0.41803969,1
1,2,0.468148943,1
1,2,0.401452477,1
1,2,0.518082568,1
1,1,0.434724933,1
1,2,0.534937606,1
1,1,0.401376424,1
1,1,0.38469446,1
1,1,0.451382688,1
1,2,0.468133242,1
1,1,0.401367018,1
1,1,0.36792403,1
1,1,0.384717974,1
1,2,0.317909397,0
1,1,0.368117667,1
1,2,0.401430056,1
1,1,0.334702473,1
1,1,0.368002714,1
1,1,0.384666431,1
1,1,0.351377237,1
1,2,0.384754163,1
1,2,0.368045869,1
1,2,0.40105442,1
1,1,0.401410721,1
1,1,0.384685835,1
1,1,0.367940653,1
1,1,0.451431246,1
1,2,0.434807702,1
1,2,0.468046608,1
1,2,0.484884699,1
1,2,0.401440834,1
1,2,0.451481531,0
1,1,0.434762664,1
1,2,0.384764836,0
1,1,0.41802875,1
1,1,0.384554748,1
1,1,0.351301339,1
1,2,0.351355659,0
1,1,0.484775507,1
1,1,0.451439257,1
1,1,0.384683304,1
1,1,0.468170658,1
1,1,0.484831953,1
1,2,0.484701092,1
1,2,0.384656389,1
1,2,0.501554825,1
1,2,0.451455071,1
1,2,0.384635786,1
1,1,0.384664356,1
1,1,0.40141875,1
1,2,0.518236001,1
1,1,0.668347494,1
1,2,0.418017927,1
1,2,0.401403499,1
1,2,0.451460899,1
1,1,0.451421776,1
1,1,0.384697562,1
1,1,0.401402843,1
1,1,0.418057221,1
1,1,0.417993824,1
1,2,0.401428223,1
1,2,0.368006438,0
1,2,0.401436749,1
1,2,0.518099074,1
1,1,0.384638308,1
1,2,0.38468311,1
1,2,0.451479221,1
1,2,0.451355329,1
1,1,0.36798118,1
1,1,0.401399069,1
1,2,0.401390923,0
1,1,0.401394208,0
1,2,0.434681942,1
1,2,0.401460905,1
1,1,0.401402217,1
1,2,0.484846183,1
1,1,0.384714164,1
1,2,0.468144153,0
1,2,0.484847862,1
1,2,0.43478679,1
1,2,0.501535486,1
1,2,0.434761134,1
1,2,0.468130958,1
1,2,0.401425427,1
1,1,0.334663472,1
1,1,0.367908955,1
1,2,0.701732453,1
1,1,0.368034215,1
1,1,0.317948161,1
1,2,0.501463167,1
1,1,0.384760906,1
1,1,0.434806418,1
1,1,0.384587378,1
1,1,0.484751877,1
1,2,0.601663583,1
1,1,0.401395051,1
1,1,0.451466834,1
1,2,0.484799042,1
1,2,0.584917292,1
1,2,0.418078733,1
1,2,0.434832334,1
1,2,0.45138561,1
1,1,0.468114343,1
1,1,0.418047987,1
1,2,1.168915329,1
1,2,0.418075793,1
1,1,0.384698725,1
1,1,0.368072496,1
1,2,0.468107272,1
1,1,0.384747964,1
1,1,0.401357046,1
1,1,0.501504296,1
1,2,0.468054479,1
1,2,0.468079947,1
1,2,0.401464101,0
1,2,0.50151634,1
1,1,0.334730656,1
1,2,0.518205012,1
1,1,0.451406658,1
1,1,0.401358851,1
1,2,0.601651679,1
1,1,0.434713119,1
1,1,0.451397238,1
1,1,0.368060867,1
1,1,0.451393314,1
1,1,0.318004244,1
1,2,0.384735851,0
1,2,0.418026938,1
1,1,0.368060834,1
1,2,0.351287017,1
1,1,0.317892181,1
1,2,0.384677529,1
1,1,0.351318635,1
1,2,0.384724621,1
1,1,0.317977795,1
1,2,0.401400503,1
1,2,0.351359934,0
1,2,0.401355468,1
1,1,0.401379889,1
1,1,0.368000191,1
1,2,0.417781221,1
1,2,0.468190965,1
1,1,0.384395095,1
1,2,0.468162504,1
1,1,0.401361053,1
1,2,0.501503655,1
1,1,0.434791882,1
1,2,0.501537902,1
1,1,0.418084661,1
1,2,0.401435353,1
1,2,0.601688617,1
1,2,0.418070648,1
1,1,0.368032463,1
1,2,0.418030873,1
1,1,0.634980713,1
1,1,0.401356405,1
1,1,0.36796812,1
1,2,0.38467925,1
1,1,0.401397353,1
1,1,0.384760536,1
1,2,0.41815085,1
1,2,0.568304964,1
1,1,0.468097146,1
1,2,0.501493911,1
1,1,0.367967079,1
1,2,0.434716123,1
1,1,0.384657968,1
1,2,0.434738026,1
1,2,0.384668729,1
1,1,0.401431376,1
1,1,0.351365904,1
1,1,0.434796,1
1,2,0.434780639,1
1,2,0.468102883,1
1,1,0.351340276,1
1,1,0.384689623,1
1,2,0.434782811,1
1,1,0.518236841,0
1,1,0.651693594,1
1,2,0.401297004,1
1,2,0.434652891,1
1,1,0.31801718,1
1,1,0.368061158,1
1,1,0.50146875,1
1,1,0.368009117,1
1,1,0.334715683,1
1,2,0.351405729,1
1,2,0.368039724,1
1,1,0.384637117,1
1,2,0.451446134,1
1,1,0.384693189,1
1,2,0.401455793,1
1,1,0.368038499,1
1,1,0.384678077,1
1,1,0.451454686,1
1,2,0.301199561,1
1,2,0.401455406,1
1,1,0.401387522,1
1,1,0.334637532,1
1,1,0.40136982,1
1,1,0.367978544,1
1,2,0.351370067,1
1,2,0.384613862,1
1,2,0.401367138,1
1,2,0.418149282,0
1,1,0.367998959,1
1,1,0.334666225,1
1,2,0.451485507,1
1,2,0.368011589,1
1,2,0.334659262,1
1,1,0.46813098,1
1,1,0.434788274,1
1,2,0.401411464,1
1,1,0.367974358,1
1,2,0.384706657,1
1,2,0.384643986,1
1,1,0.351236303,1
1,1,0.317920744,1
1,2,0.317647635,1
1,1,0.317961229,1
1,1,0.334648362,1
1,2,0.368079578,1
1,2,0.368044689,1
1,1,0.284502302,1
1,2,0.317936763,1
1,1,0.317932966,1
1,2,0.301308489,1
1,2,0.384710291,1
1,1,0.384767935,1
1,1,0.36798682,1
1,2,0.284652451,1
1,2,0.4847929,1
1,2,0.31792508,1
1,2,0.367941474,1
1,2,0.384657452,1
1,1,0.334634803,1
1,1,0.334690156,1
1,2,0.251229233,1
1,1,0.301239359,1
1,1,0.301256841,1
1,2,0.251214693,0
1,1,0.401429385,1
1,1,0.301313299,0
1,1,0.468259145,1
1,1,0.401372351,1
1,2,0.334661059,1
1,2,0.401370392,1
1,2,0.768478466,1
1,2,0.434778544,1
1,2,0.267860173,1
1,1,0.267594211,1
1,1,0.251224703,1
1,2,0.318024726,1
1,1,0.334726829,1
1,2,0.284653561,1
1,1,0.301253985,1
1,2,0.267927919,0
1,2,0.368044824,1
1,2,0.351347832,1
1,2,0.534892141,1
1,2,0.417975879,1
1,1,0.317933822,1
1,1,0.351284855,1
1,2,0.33456981,1
1,2,0.234467904,0
1,2,0.317908317,1
1,2,0.351266315,1
1,1,0.317994416,1
1,1,0.284541002,1
1,2,0.351363912,0
1,2,0.401445753,1
1,2,0.26800965,0
1,1,0.501516708,1
1,1,0.31790989,1
1,2,0.284582406,1
1,1,0.284626517,1
1,2,0.434750728,1
1,1,0.301299886,1
1,1,0.317923183,1
1,2,0.384712124,1
1,2,0.351362208,1
1,1,0.318030855,1
1,1,0.401414353,1
1,1,0.334526755,1
1,1,0.401418442,1
1,1,0.301358654,1
1,1,0.418131255,1
1,2,0.318043447,0
1,2,0.351392233,1
1,2,0.317935031,1
1,1,0.368044272,1
1,1,0.301351553,1
1,1,0.418028246,1
1,1,0.384777219,1
1,2,0.451444778,1
1,2,0.518173407,1
1,1,0.434833613,1
1,2,0.434809165,1
1,2,0.401403866,0
1,2,0.368087909,1
1,1,0.251223956,0
1,2,0.401462974,1
1,1,0.451492348,1
1,1,0.451449997,1
1,1,0.367952671,1
1,1,0.334699867,1
1,2,0.351240732,1
1,1,0.334697996,1
1,1,0.334697079,1
1,1,0.38466772,1
1,2,0.484776517,1
1,2,0.41804538,1
1,2,0.384690162,1
1,1,0.468169971,1
1,2,0.401425387,1
1,1,0.468129117,1
1,1,0.368028165,1
1,2,0.418103058,1
1,1,0.401348421,1
1,1,0.41802926,1
1,2,0.351373486,1
1,2,0.401355235,1
1,2,0.418155806,1
1,2,0.334625578,1
1,1,0.368010637,1
1,1,0.367961995,1
1,2,0.384711195,0
1,2,0.45145383,1
1,2,0.418104027,1
1,2,0.601680003,1
1,1,0.501461208,1
1,1,0.368061767,1
1,1,0.451452421,1
1,1,0.3679895,1
1,2,0.418140588,1
1,1,0.368024246,1
1,2,0.334687088,1
1,2,0.317945021,1
1,1,0.301288462,1
1,1,0.301232028,1
1,2,0.317994353,0
1,1,0.318002997,1
1,2,0.334700901,1
1,1,0.351245823,1
1,2,0.451461324,1
1,2,0.38478808,1
1,1,0.367982822,1
1,2,0.40137798,1
1,2,0.418032269,1
1,1,0.284612698,1
1,1,0.251268857,1
1,2,0.367972268,1
1,1,0.318017259,1
1,2,0.368081234,1
1,1,0.334713014,1
1,2,0.384655039,1
1,1,0.36801172,1
1,2,0.334679662,1
1,1,0.401070427,1
1,1,0.351320203,1
1,1,0.334632129,1
1,1,0.3847533,1
1,1,1.202263962,1
1,1,0.368030909,1
1,1,0.301310703,1
1,2,0.401397461,1
1,1,0.267895427,1
1,1,0.267878554,1
1,2,0.317969864,1
1,2,0.26789251,0
1,2,0.384757054,1
1,1,0.351395227,1
1,1,0.301200188,1
1,2,0.451459817,1
1,2,0.351344054,1
1,2,0.30121989,1
1,2,0.401422058,1
1,2,0.251143676,0
1,1,0.351370642,1
1,1,0.217875126,1
1,1,0.301201408,1
1,2,0.23451585,0
1,2,0.317614427,1
1,2,0.384717852,1
1,1,0.418071149,1
1,2,0.334732393,1
1,2,0.301286851,1
1,1,0.401451696,1
1,2,0.284513946,1
1,2,0.334601963,1
1,1,0.284647433,1
1,1,0.30127095,1
1,2,0.267890919,0
1,2,0.451476783,1
1,2,0.234529192,1
1,1,0.501486866,1
1,2,0.334633876,1
1,1,0.368090676,1
1,2,0.401417984,1
1,2,0.518155241,1
1,1,0.434762426,1
1,2,0.301353118,1
1,1,0.368024634,1
1,1,0.384735042,1
1,1,0.501560801,1
1,2,0.384696293,1
1,1,0.367990066,1
1,1,0.384715054,1
1,2,0.468180801,1
1,2,0.401373083,1
1,1,0.418109795,1
1,1,0.334603779,1
1,2,0.401461232,1
1,1,0.334717846,0
1,1,0.468172691,1
1,1,0.401384564,1
1,2,0.484805182,1
1,1,0.434703406,1
1,1,0.418116891,1
1,2,0.418107009,1
1,2,0.384736034,1
1,2,0.534839772,1
1,1,0.43477006,1
1,1,0.368035088,1
1,2,0.384755356,0
1,1,0.401442849,1
1,2,0.468209294,1
1,2,0.468205061,1
1,2,0.418078527,1
1,1,0.351398406,1
1,1,0.451406081,1
1,2,0.317950409,1
1,1,0.368027753,1
1,2,0.351294224,1
1,1,0.351354021,1
1,1,0.334548636,1
1,1,0.384729946,1
1,2,0.468172436,1
1,1,0.31784592,1
1,2,0.401336841,1
1,2,0.451507107,1
1,1,0.368018053,1
1,2,0.334315709,1
1,1,0.384772447,1
1,2,0.384739801,1
1,2,0.334607596,1
1,2,0.317891512,1
1,2,0.401434486,1
1,1,0.267902155,1
1,1,0.368075427,1
1,2,0.33466246,1
1,2,0.401096422,1
1,2,0.301317038,1
1,2,0.384726468,1
1,2,0.267980581,0
1,1,0.334692746,1
1,1,0.368085666,1
1,2,0.384719493,1
1,1,0.368015205,1
1,1,0.351382537,1
1,1,0.418080357,1
1,2,0.367943891,1
1,2,0.367968943,1
1,2,0.351312818,1
1,2,0.351343618,1
1,2,0.384777017,1
1,1,0.351365371,1
1,1,0.284581597,1
1,1,0.317966572,1
1,1,0.318015183,1
1,1,0.351313263,1
1,2,0.317978033,1
1,2,0.41809812,1
1,1,0.401387527,1
1,1,0.334638994,1
1,2,0.418105108,1
1,1,0.384723811,1
1,1,0.367988419,1
1,1,0.351412733,1
1,2,0.401398734,1
1,2,0.351352307,0
1,1,0.518243005,1
1,2,0.334672665,1
1,2,0.384701428,1
1,2,0.384664871,1
1,1,0.301274979,1
1,1,0.35105486,1
1,2,0.284551387,1
1,1,0.384665155,1
1,2,0.401271902,1
1,2,0.401403555,1
1,2,0.434741367,1
1,2,0.351377566,1
1,1,0.468128729,1
1,1,0.418115644,1
1,2,0.501516586,1
1,1,0.351337338,1
1,2,0.418099496,1
1,1,0.401419596,1
1,1,0.301235708,1
1,2,0.334618626,1
1,2,0.351394235,1
1,1,0.267921363,1
1,1,0.317971547,1
1,1,0.25127662,1
1,1,0.284603891,0
1,2,0.401418361,1
1,2,0.468131515,1
1,1,0.401417237,1
1,1,0.284573329,1
1,1,0.317941073,1
1,1,0.451408152,1
1,2,0.384707096,1
1,2,1.202362774,1
1,2,0.568218875,1
1,2,0.284542369,1
1,2,0.501439643,1
1,1,0.368091173,1
1,1,0.334652542,1
1,1,0.418042882,1
1,2,0.568290127,1
1,2,0.351334226,1
1,1,0.384745102,1
1,2,0.418030346,1
1,2,0.401366599,1
1,2,0.40135279,1
1,2,0.451511538,1
1,1,0.368031083,1
1,1,0.368069747,1
1,1,0.401341106,1
1,2,0.401339284,1
1,1,0.317933588,1
1,1,0.384818121,1
1,2,0.334658368,1
1,2,0.384676465,1
1,1,0.351298596,1
1,2,0.434837216,1
1,1,0.384771863,1
1,2,0.368085963,1
1,2,0.384770243,1
1,1,0.384727019,1
1,2,0.43474937,1
1,1,0.36806181,1
1,2,0.351318344,1
1,1,0.384632719,1
1,1,0.501557491,1
1,1,0.351280941,1
1,1,0.33468107,1
1,1,0.351370667,1
1,2,0.401476573,1
1,2,0.317671435,0
1,2,0.468094139,1
1,2,0.418090234,1
1,1,0.334617056,1
1,1,0.384674905,1
1,2,0.484817198,1
1,2,0.38467692,1
1,2,0.351366196,1
1,1,0.367911466,1
1,1,0.584905547,1
1,1,0.351366509,1
1,2,0.401475282,1
1,2,0.368071302,1
1,2,0.501519818,1
1,1,0.384727773,1
1,2,0.417995929,1
1,2,0.518155011,1
1,1,0.368071886,1
1,1,0.351334229,1
1,2,0.418069055,1
1,1,0.368015049,1
1,1,0.368034303,1
1,1,0.601589873,1
1,1,0.367970081,1
1,2,0.50157622,1
1,1,0.384769336,1
1,2,0.418080085,1
1,2,0.434712643,1
1,2,0.418095663,1
1,2,0.401462678,1
1,2,0.551577466,1
1,1,0.401434015,1
1,2,0.451449325,1
1,2,0.484858004,1
1,2,0.451409992,1
1,2,0.451477771,1
1,2,0.334635432,0
1,1,0.418132239,1
1,1,0.418147206,1
1,1,0.451491997,1
1,1,0.367990932,1
1,1,0.434808127,1
1,1,0.38470627,1
1,2,0.60152675,1
1,2,0.568144387,1
1,2,0.38459113,1
1,2,0.418121893,1
1,1,0.35136383,1
1,2,0.43467996,1
1,1,0.401354577,1
1,1,0.434826358,1
1,1,0.451481221,1
1,2,0.434820083,1
1,2,0.45146249,1
1,2,0.418055472,1
1,1,0.484747067,1
1,1,0.518161783,1
1,1,0.551523689,1
1,2,0.468208391,1
1,1,0.384782528,1
1,2,0.468109302,1
1,1,0.401408254,1
1,1,0.351333274,1
1,1,0.401383692,1
1,1,0.451523437,1
1,1,0.401420661,1
1,1,0.401412096,1
1,1,0.384686237,1
1,2,0.468200097,1
1,2,0.468088742,1
1,2,0.401431777,1
1,2,0.434736586,1
1,2,0.418076521,1
1,2,0.351365119,1
1,1,0.334635696,1
1,1,0.334687391,1
1,1,0.401337954,1
1,2,0.451514765,1
1,1,0.418124069,1
1,2,0.434781367,1
1,1,0.384666751,1
1,2,0.368001129,0
1,1,0.384744489,1
1,1,0.367987492,1
1,2,0.418059112,1
1,1,0.401440415,1
1,1,0.351387549,1
1,2,0.451444193,1
1,2,0.51817556,1
1,1,0.434760718,1
1,1,0.368073734,1
1,2,0.367958017,0
1,1,0.401333731,1
1,2,0.43477196,1
1,2,0.468177015,1
1,1,0.401392926,1
1,2,0.601591196,1
1,2,0.484794192,1
1,2,0.551537889,1
1,1,0.418090028,1
1,2,0.401399789,1
1,1,0.434721133,1
1,1,0.484729767,1
1,2,0.468204003,1
1,2,0.418089746,1
1,1,0.5015124,1
1,1,0.418116348,1
1,1,0.384710664,1
1,2,0.534857949,1
1,2,0.434723721,1
1,2,0.401367199,1
1,1,0.334645345,1
1,1,0.367978939,1
1,2,0.40145462,1
1,1,0.334666282,1
1,1,0.334649923,1
1,2,0.451408437,1
1,1,0.418085586,1
1,2,0.434731847,1
1,2,0.401464707,1
1,2,0.368092797,1
1,2,0.351304556,1
1,2,0.518120466,1
1,2,0.568288877,1
1,2,0.33470825,1
1,1,0.317941297,1
1,1,0.367949248,1
1,1,0.401385988,1
1,1,0.351377299,1
1,2,0.418075303,1
1,1,0.384755217,1
1,1,0.401339985,1
1,2,0.518182572,1
1,1,0.451396091,1
1,2,0.551519821,1
1,1,0.368068066,1
1,2,0.30127547,1
1,2,0.334725229,0
1,1,0.350982023,1
1,1,0.351381983,1
1,2,0.351252755,1
1,2,0.367972131,1
1,2,0.451428092,1
1,1,0.367987986,1
1,1,0.334740041,1
1,2,0.484827176,1
1,2,0.484858535,1
1,1,0.367862728,1
1,1,0.3513594,1
1,1,0.368059978,1
1,2,0.451479533,1
1,2,0.46810677,1
1,1,0.384687183,1
1,2,0.468045392,1
1,1,0.384707685,1
1,1,0.384667353,1
1,2,0.468099572,1
1,2,0.418022564,1
1,1,0.401436509,1
1,2,0.384474752,1
1,1,0.50146499,1
1,1,0.38469185,1
1,1,0.434732857,1
1,1,0.584999415,1
1,2,0.518210103,1
1,2,0.351225073,1
1,2,0.468095151,1
1,2,0.484814261,1
1,1,0.351346244,1
1,1,0.367985941,1
1,1,0.368053943,1
1,1,0.334637197,1
1,2,0.501549271,1
1,1,0.368050367,1
1,2,0.368078426,1
1,1,0.468120771,1
1,1,0.418082806,1
1,2,0.434773204,1
1,2,0.434666924,1
1,2,0.368079687,1
1,2,0.618363617,1
1,1,0.368004201,1
1,2,0.484762053,1
1,1,0.318024418,1
1,2,0.384681521,1
1,1,0.367909816,1
1,2,0.401449286,1
1,1,0.401421164,1
1,2,0.434613377,1
1,1,0.601687944,1
1,1,0.418131609,1
1,1,0.367728318,1
1,2,0.418121029,1
1,1,0.418056633,1
1,1,0.401451407,1
1,2,0.418124016,1
1,2,0.384579178,1
1,1,0.4181219,1
1,1,0.418044283,1
1,2,0.368076532,1
1,2,0.434735007,1
1,2,0.38475212,1
1,1,0.401430165,1
1,1,0.368114418,1
1,1,0.367956119,1
1,2,0.368055527,1
1,2,0.434751773,1
1,2,0.418144225,1
1,2,0.451573158,1
1,1,0.351246979,1
1,2,0.418076926,1
1,2,0.334311283,1
1,2,0.334668309,1
1,1,0.334680997,1
1,1,0.468030514,1
1,1,0.601620992,1
1,1,0.351339653,1
1,2,0.668363877,1
1,2,0.401463712,1
1,2,0.518162808,1
1,2,0.5683107,1
1,2,0.584896864,1
1,1,0.367918323,1
1,2,0.584926135,1
1,2,0.551590349,1
1,1,0.384653945,1
1,1,0.401353256,1
1,1,0.40137099,1
1,2,0.401427795,1
1,1,0.367950556,1
1,2,0.468149683,1
1,1,0.584879489,1
1,2,0.401407644,1
1,1,0.401503557,1
1,1,0.351372612,1
1,1,0.368068736,1
1,2,0.468192872,1
1,1,0.418147125,1
1,1,0.451404629,1
1,2,0.401464183,1
1,1,0.351243449,1
1,1,0.418102636,1
1,2,0.384709657,1
1,2,0.434786318,1
1,1,0.401442262,1
1,2,0.418045557,1
1,1,0.451432246,1
1,1,0.334678831,1
1,1,0.318029993,1
1,1,0.351407646,1
1,2,0.351345961,1
1,1,0.368043002,1
1,2,0.3346382,0
1,2,0.484868595,1
1,2,0.518184822,1
1,1,0.368052145,1
1,2,0.601648787,1
1,2,0.534901237,1
1,2,0.484783876,1
1,2,0.434690367,1
1,2,0.368037164,1
1,1,0.418039825,1
1,2,0.551488011,1
1,2,0.484799002,1
1,2,0.534889774,1
1,1,0.418124563,1
1,1,0.451469533,1
1,2,0.50150118,1
1,2,0.451399766,1
1,2,0.601568671,1
1,1,0.401423678,1
1,1,0.384667278,1
1,1,0.384654638,1
1,2,0.434785432,1
1,1,0.418073609,1
1,1,0.585010437,1
1,2,0.367971401,1
1,2,0.484811118,1
1,1,0.368035962,1
1,1,0.434674319,1
1,2,0.418089716,1
1,1,0.434809291,1
1,2,0.518225274,1
1,1,0.434655804,1
1,2,0.401443112,1
1,1,0.384775354,1
1,2,0.484904218,1
1,2,0.434664764,1
1,1,0.384713414,1
1,1,0.367986615,1
1,1,0.334579826,1
1,2,0.334687724,1
1,2,0.384720159,1
1,1,0.534842199,1
1,1,0.368007087,1
1,1,0.351348507,1
1,2,0.451362129,1
1,2,0.401400612,1
1,1,0.318024826,1
1,1,0.367980862,1
1,1,0.318015584,1
1,2,0.6016228,1
1,2,0.434796707,1
1,1,0.368011905,1
1,2,0.551635556,1
1,1,0.401396679,1
1,1,0.434769525,1
1,2,0.384691264,1
1,1,0.368071151,1
1,2,0.568211033,1
1,1,0.4348036,1
1,2,0.451407712,1
1,1,0.418103311,1
1,2,0.384695849,1
1,2,0.451472389,1
1,1,0.367785335,1
1,2,0.401392886,1
1,1,0.384698347,1
1,1,0.418083583,1
1,2,0.351299846,1
1,2,0.434708899,1
1,2,0.351402358,1
1,1,0.418140142,1
1,1,0.334585994,1
1,1,0.384676107,1
1,2,0.434842587,1
1,2,0.43466601,1
1,2,0.36806383,1
1,2,0.384746124,1
1,1,0.468190699,1
1,2,0.384657013,1
1,1,0.43475808,1
1,1,0.351374021,1
1,2,0.368112348,1
1,1,0.418032756,1
1,2,0.301306969,1
1,1,0.401355022,1
1,2,0.351351022,1
1,1,0.351353208,1
1,1,0.384772822,1
1,2,0.384672841,1
1,1,0.418029648,1
1,1,0.368050741,1
1,2,0.368043852,1
1,2,0.351314266,1
1,2,0.434747653,1
1,1,0.368045423,1
1,1,0.401384366,1
1,2,0.384647204,1
1,2,0.36798345,1
1,2,0.40142035,0
1,1,0.468146764,1
1,1,0.3513702,1
1,1,0.401344524,1
1,1,0.451497524,1
1,2,0.3513052,1
1,1,0.334675825,1
1,1,0.568312974,1
1,2,0.551575073,1
1,2,0.518201084,1
1,1,0.451523294,1
1,2,0.434712373,1
1,2,0.45142608,1
1,2,0.40134378,1
1,2,0.451406691,1
1,1,0.384729273,1
1,2,0.434739125,1
1,2,0.434742525,1
1,1,0.701631894,1
1,1,0.45134922,1
1,1,0.368040717,1
1,2,0.334601003,1
1,1,0.351247612,1
1,1,0.418041802,1
1,2,0.51819646,1
1,1,0.468117339,1
1,1,0.384599909,1
1,2,0.451409374,1
1,1,0.434760111,1
1,2,0.468160828,1
1,1,0.417953759,1
1,2,0.501540718,1
1,1,0.351299625,1
1,2,0.468070881,1
1,1,0.36807911,1
1,2,0.368000032,1
1,1,0.434738679,1
1,1,0.551590802,1
1,2,0.501551438,1
1,2,0.367998045,1
1,2,0.334589244,0
1,1,0.367937164,1
1,2,0.40146069,1
1,2,0.368007555,1
1,2,0.484875127,1
1,1,0.45143443,1
1,1,0.351298021,1
1,1,0.334648997,1
1,1,0.3679914,1
1,2,0.251238024,0
1,2,0.618259828,1
1,2,0.484759701,1
1,1,0.36806576,1
1,1,0.41812859,1
1,1,0.568277421,1
1,2,0.468168174,1
1,1,0.451426183,1
1,1,0.334480548,0
1,2,0.551606387,1
1,1,0.40146756,1
1,2,0.45140206,1
1,1,0.384593729,1
1,2,0.468106349,1
1,1,0.901933396,1
1,1,0.367994729,1
1,1,0.334687919,1
1,1,0.267879806,1
1,1,0.46816122,1
1,2,0.434759384,1
1,1,0.384613904,0
1,2,0.534852524,1
1,1,0.551626414,1
1,1,0.351349251,1
1,2,0.351371753,1
1,2,0.484766838,1
1,1,0.451416765,1
1,1,0.45145722,1
1,2,0.418030677,1
1,2,0.501486813,1
1,1,0.368086217,1
1,2,0.468172248,1
1,1,0.351314178,1
1,2,0.418070063,1
1,1,0.351398685,1
1,1,0.368062059,1
1,2,0.551611751,1
1,2,0.534882418,1
1,1,0.468083229,1
1,2,0.468175288,1
1,1,0.468104424,1
1,1,0.434715025,1
1,2,0.501525822,1
1,1,0.384745374,1
1,2,0.418058192,1
1,2,0.51820426,1
1,2,0.418124635,1
1,1,0.668387511,1
1,2,0.701694995,1
1,1,0.534935361,1
1,1,0.46814184,1
1,2,0.384572527,1
1,2,0.418049816,1
1,2,0.351334377,1
1,1,0.284562416,1
1,1,0.434820172,1
1,2,0.351361284,1
1,2,0.634969951,1
1,2,0.63499898,1
1,2,0.401349733,1
1,2,0.451466944,1
1,2,0.701660388,1
1,1,0.484795171,1
1,1,0.367818283,1
1,1,0.518208517,1
1,2,0.484840462,1
1,2,0.451190659,1
1,1,0.30093461,1
1,1,0.318012974,1
1,2,0.301202707,0
1,1,0.885343285,1
1,2,0.368080302,1
1,1,0.351286993,1
1,2,0.351346566,0
1,2,0.835184746,1
1,1,0.417965629,1
1,1,0.384836059,1
1,1,0.518225427,1
1,2,0.451464025,1
1,1,0.618279969,1
1,2,0.401339428,0
1,2,0.751744263,1
1,1,0.651662036,1
1,2,0.401429088,0
1,1,0.685041043,1
1,1,0.468172017,1
1,2,0.351379274,1
1,2,0.43478906,1
1,1,0.384640537,1
1,2,0.401413863,1
1,1,0.418152453,1
1,2,0.501523775,1
1,1,0.401442555,1
1,1,0.451443363,1
1,2,0.484779612,1
1,2,0.401422874,1
1,1,0.267926021,1
1,2,0.451458394,1
1,1,0.418127169,1
1,2,0.76853066,1
1,2,0.618317833,0
1,2,0.434733077,1
1,1,0.418108583,1
1,2,0.551584854,1
1,1,0.468091525,1
1,1,0.551536055,1
1,2,0.401389617,1
1,1,0.43483131,1
1,2,0.368010722,1
1,1,0.451492916,1
1,2,0.301262394,0
1,1,0.484915516,1
1,2,0.234279717,0
1,1,0.384649427,1
1,1,0.418052364,1
1,1,0.401374673,1
1,2,0.568257559,1
1,2,0.635006047,1
1,2,0.518119274,1
1,2,0.351313796,1
1,1,0.634992104,1
1,1,0.434715352,1
1,1,0.451517805,1
1,1,0.584810999,1
1,2,0.284627835,0
1,2,0.484801231,1
1,1,0.534936646,1
1,1,0.434811552,1
1,2,0.518136319,1
1,2,0.534938698,0
1,1,0.468031689,1
1,2,0.451474233,1
1,2,0.351290385,1
1,1,0.451463978,1
1,1,0.351315926,0
1,2,0.501414194,1
1,2,0.5182454,1
1,1,0.40139934,1
1,2,0.484851849,1
1,1,0.43485024,1
1,2,0.384722647,1
1,2,0.434805892,1
1,1,0.468159917,1
1,2,0.451434267,1
1,1,0.568297268,1
1,2,0.401337053,1
1,1,0.418091298,1
1,2,0.451402514,1
1,2,0.484878977,1
1,1,1.152290588,1
1,1,0.41814113,1
1,1,0.434654967,1
1,2,0.434757439,1
1,1,0.36800289,0
1,1,0.334680823,1
1,1,0.618265094,1
1,2,0.568134914,1
1,1,0.384696181,1
1,1,0.351295908,1
1,2,0.468077996,1
1,2,0.568234169,1
1,2,0.384753758,1
1,2,0.334645902,0
1,1,0.534840165,1
1,1,0.484847017,1
1,1,0.367767522,1
1,2,0.484862232,1
1,2,0.568221605,1
1,1,0.50152646,1
1,2,0.418131367,1
1,2,0.635017482,1
1,2,0.468094098,1
1,2,0.484878274,1
1,1,0.768523474,1
1,2,0.451501194,1
1,1,0.618266294,1
1,2,0.434826992,1
1,1,0.46819229,1
1,1,0.451335445,1
1,1,0.418095437,1
1,1,0.317941613,1
1,2,0.418075297,1
1,2,0.935291516,0
1,1,0.651644793,1
1,2,0.451416258,1
1,2,0.568304963,1
1,2,0.418143702,1
1,2,0.468259217,1
1,2,0.484811487,0
1,1,0.43481625,1
1,1,0.367981004,1
1,1,0.451432362,1
1,2,0.351338785,1
1,1,0.468046467,1
1,1,0.317938949,1
1,1,0.584928265,1
1,2,0.334697584,1
1,2,0.451396708,1
1,2,0.451513892,1
1,2,0.451495366,1
1,1,0.418060894,1
1,1,0.384702404,1
1,1,0.418031177,1
1,2,0.351327515,1
1,2,0.384391669,1
1,1,0.301273707,1
1,2,0.501434326,1
1,2,0.434773699,1
1,1,0.351325462,1
1,2,0.401417471,1
1,1,0.351356754,1
1,1,0.351304045,1
1,1,0.368088776,1
1,1,0.318025524,1
1,1,0.484824109,1
1,2,0.468013568,1
1,1,0.401347366,1
1,2,0.418107904,0
1,2,0.384677805,1
1,1,0.401408207,1
1,2,0.451451257,1
1,1,0.418064523,1
1,2,0.534865375,1
1,1,0.451500555,1
1,1,0.484857526,1
1,1,0.43473958,1
1,2,0.41802631,1
1,1,0.3679477,1
1,1,0.301249927,1
1,2,0.518255388,1
1,2,0.484634942,1
1,2,0.351296665,1
1,1,0.384755602,1
1,2,0.501500983,1
1,2,0.568276949,1
1,1,0.384634269,0
1,2,0.484687127,1
1,1,0.368080652,1
1,2,0.601629989,1
1,2,0.468191156,1
1,1,0.401383357,1
1,2,0.468031683,1
1,2,0.484787202,0
1,1,0.668313302,1
1,2,0.534762674,1
1,1,0.451437926,1
1,1,0.518241018,1
1,2,0.534871813,1
1,2,0.43478609,1
1,2,0.401354555,1
1,1,0.401439763,1
1,2,0.51815194,1
1,1,0.584918891,1
1,2,0.634972646,1
1,1,0.468104803,1
1,1,0.501416041,1
1,2,0.468119648,1
1,1,0.618273168,1
1,1,0.484855032,1
1,2,0.551552781,1
1,2,0.434428806,1
1,2,0.651701242,1
1,1,0.451506227,1
1,1,0.384739863,1
1,1,0.401458683,1
1,1,0.351367669,1
1,2,0.384354516,1
1,2,0.468200045,1
1,2,0.334624551,1
1,2,0.351233324,1
1,1,0.384711499,1
1,1,0.384759751,1
1,1,0.384772412,1
1,2,0.301335909,0
1,2,0.551462464,1
1,1,0.384681214,1
1,1,0.468143505,1
1,1,0.534906742,1
1,2,0.484800454,1
1,1,0.384650939,1
1,2,0.484870541,1
1,1,0.484794889,1
1,1,0.351335633,1
1,2,0.418137278,1
1,2,0.334658578,0
1,1,1.202293735,1
1,2,0.468193144,1
1,2,0.468226021,1
1,2,0.368055578,1
1,1,0.484805833,1
1,2,0.468101638,0
1,1,0.534922203,1
1,1,0.351371968,1
1,1,0.351315162,1
1,2,0.601595731,1
1,1,0.501522356,1
1,2,0.484809834,1
1,2,0.401449769,1
1,2,0.484876633,1
1,1,0.451410568,1
1,2,0.401383422,1
1,2,0.418002023,0
1,1,0.518166531,1
1,1,0.55161803,1
1,2,0.518170539,1
1,1,0.46808614,1
1,2,0.401384105,1
1,2,0.317849005,0
1,2,0.501538,1
1,1,0.368006689,1
1,2,0.468194534,1
1,1,0.401466457,1
1,1,0.368068159,1
1,2,0.417806854,1
1,1,0.468162941,1
1,2,0.351009541,0
1,1,0.451358591,1
1,2,0.434737832,1
1,1,0.434718725,1
1,2,0.3680441,0
1,1,0.501494833,1
1,1,0.401371539,1
1,1,0.518191125,1
1,2,0.468078764,1
1,1,0.384779785,1
1,1,0.434755474,1
1,1,0.418097165,1
1,1,0.401461966,1
1,1,0.484837033,1
1,2,0.451384406,1
1,1,0.418123209,1
1,2,0.418060576,1
1,1,0.501523074,1
1,2,0.51812443,0
1,1,0.401470204,1
1,1,0.434813379,1
1,1,0.368010642,1
1,2,0.434771798,1
1,2,0.451348573,1
1,2,0.48478043,1
1,2,0.384712585,1
1,1,0.43472604,1
1,2,0.451335367,1
1,2,0.501542652,1
1,2,0.518202482,1
1,2,0.401427746,1
1,1,0.468062785,0
1,1,0.468104082,1
1,2,0.384640995,1
1,1,0.50157203,1
1,2,0.551546642,1
1,2,0.334528578,0
1,2,0.601554724,1
1,1,0.534935781,0
1,2,0.634908162,1
1,1,0.434659423,1
1,1,0.384702892,1
1,2,0.418096476,1
1,1,0.418110985,1
1,1,0.534913841,1
1,2,0.701686476,1
1,2,0.634942808,1
1,1,0.601686869,1
1,1,1.202347535,1
1,2,0.484743374,1
1,2,0.501536191,1
1,2,0.501473441,1
1,2,0.484821937,1
1,1,0.451466546,1
1,2,0.568265803,1
1,2,0.418125366,0
1,2,0.518182983,1
1,1,0.418146672,1
1,1,0.418089077,1
1,1,0.384681546,1
1,1,0.401424337,1
1,1,0.317930817,1
1,2,0.317955577,1
1,1,0.434787645,1
1,2,0.601576639,1
1,2,0.418065831,1
1,1,0.451479351,1
1,2,0.518236967,1
1,1,0.484803736,1
1,1,0.401415371,1
1,1,0.384596254,1
1,2,0.484821078,1
1,1,0.501541438,1
1,2,0.501482881,1
1,1,0.468169801,1
1,2,0.401450414,1
1,1,0.434709583,1
1,1,0.401335853,1
1,2,0.334686988,0
1,1,0.418136069,1
1,1,0.351321169,1
1,1,0.518223023,1
1,2,0.451484709,1
1,1,0.484827314,1
1,2,0.568341373,1
1,2,0.551602556,1
1,2,0.518291884,0
1,1,0.50156153,1
1,1,0.434817087,1
1,2,0.568267133,0
1,2,0.518193905,1
1,1,0.584812454,1
1,2,0.401359474,0
1,2,0.484829975,1
1,1,0.468134934,1
1,1,0.434752611,1
1,1,0.401443895,1
1,1,0.43466313,1
1,1,0.434758128,1
1,1,0.534823178,0
1,2,0.601659664,1
1,2,0.468155871,1
1,2,0.401430769,1
1,2,0.468045686,1
1,1,0.38482076,1
1,2,0.367974197,1
1,2,0.518245382,1
1,1,0.584840981,1
1,1,0.351203457,1
1,1,0.368105002,1
1,1,0.401446842,1
1,2,0.401338509,1
1,2,0.334605946,1
1,1,0.418053499,1
1,2,0.51815102,1
1,1,0.568287914,1
1,1,0.41805071,1
1,2,0.451454742,1
1,2,0.451469207,1
1,2,0.468178079,1
1,1,0.484842083,1
1,1,0.468109236,1
1,2,0.568227638,1
1,2,0.451354189,1
1,1,0.368024701,1
1,1,0.468143119,1
1,2,0.568200466,1
1,2,0.568233984,1
1,2,0.551453497,1
1,1,0.551582124,1
1,1,0.434780525,1
1,2,0.468089802,1
1,2,0.451440743,1
1,1,0.40137996,1
1,1,0.384839271,1
1,2,0.451442054,1
1,2,0.484832234,1
1,2,0.751712915,1
1,1,0.48487367,1
1,1,0.43466418,1
1,2,0.484793928,1
1,1,0.51816873,1
1,1,0.418045094,1
1,2,0.451428913,1
1,1,0.501416756,1
1,2,0.501535221,1
1,2,0.401351314,1
1,1,0.484805392,1
1,1,0.384769189,1
1,2,0.601545962,1
1,1,0.43473058,1
1,2,0.451579648,1
1,2,0.418071601,1
1,1,0.384778313,1
1,1,0.468195232,1
1,2,0.334711685,1
1,2,0.418129824,1
1,1,0.384617404,1
1,1,0.418104546,1
1,2,0.418120479,1
1,2,0.367916849,1
1,1,0.384831991,1
1,2,0.368002601,1
1,2,0.518131066,1
1,2,0.501504527,1
1,1,0.35135965,1
1,1,0.418148282,1
1,2,0.418027436,1
1,2,0.418061473,1
1,1,0.551568067,1
1,2,0.301301883,1
1,1,0.384710836,1
1,2,0.467822675,1
1,2,0.334685579,1
1,1,0.384758566,1
1,2,0.451506558,1
1,1,0.451492057,1
1,1,0.367941827,1
1,1,0.31797278,0
1,2,0.568226499,1
1,2,0.434822791,1
1,2,0.401393286,0
1,2,0.43481879,1
1,2,0.501478224,1
1,1,0.418064532,1
1,2,0.451427832,1
1,2,0.468174974,1
1,2,0.434649347,1
1,1,0.40144302,1
1,2,0.584926509,1
1,1,0.351296186,1
1,1,0.351378483,1
1,1,0.434754024,1
1,1,0.434723128,1
1,1,0.501577445,1
1,1,0.317956394,1
1,1,0.401395843,1
1,1,0.384742949,1
1,2,0.368056459,1
1,1,0.384735002,1
1,2,0.401321004,1
1,2,0.451505543,1
1,1,0.401446406,1
1,1,0.635006906,0
1,1,0.401312297,1
1,1,0.401451717,1
1,2,0.484753863,1
1,2,0.451450834,1
1,2,0.401373625,0
1,1,0.751762247,1
1,2,0.451443696,1
1,1,0.418134058,1
1,1,0.501450986,1
1,2,0.534924447,1
1,1,0.418071594,1
1,1,0.384580312,1
1,2,0.468147974,1
1,2,0.501563739,1
1,1,0.434742136,1
1,1,0.551502743,1
1,2,0.501481757,1
1,1,0.401455308,1
1,2,0.568247736,1
1,2,0.534886246,1
1,1,0.618277964,1
1,2,0.41805834,1
1,2,0.434795472,1
1,1,0.418097779,1
1,1,0.368075692,1
1,2,0.36806616,1
1,1,0.351328331,0
1,1,0.451471747,1
1,2,0.351377526,0
1,1,1.135584863,1
1,1,0.384670207,1
1,1,0.384639328,1
1,2,0.451424928,1
1,2,0.584795318,1
1,1,0.33457139,1
1,1,0.484871747,1
1,1,0.484902543,1
1,2,0.468109912,1
1,2,0.484788594,1
1,2,0.434768104,1
1,2,0.384779237,1
1,2,0.367944991,1
1,1,0.45141301,1
1,1,0.40138751,1
1,2,0.434688567,1
1,2,0.501495367,1
1,1,0.35132281,1
1,2,0.317950852,1
1,2,0.451385921,1
1,1,0.401394689,1
1,2,0.351310784,1
1,2,0.451449806,1
1,1,0.351309846,1
1,1,0.484811504,1
1,2,0.417966385,1
1,2,0.718408947,1
1,1,0.434723863,1
1,2,0.451412981,1
1,2,0.501557911,1
1,1,0.384688118,1
1,1,0.351337504,1
1,2,0.584886504,1
1,2,0.401451328,1
1,2,0.468095849,1
1,2,0.484793532,1
1,2,0.451410407,1
1,1,0.468157955,1
1,2,0.484869131,0
1,2,0.551502428,1
1,1,0.384726683,1
1,1,0.418166203,1
1,1,0.384661351,1
1,2,0.368098524,1
1,1,0.418008237,1
1,1,0.351406631,1
1,1,0.367981703,1
1,1,0.401311433,1
1,2,0.384758321,1
1,2,0.418108556,1
1,2,0.367976859,1
1,2,0.48484072,1
1,1,0.51818178,1
1,2,0.401439831,1
1,2,0.368007159,1
1,1,0.418173871,1
1,2,0.401368405,1
1,1,0.401260632,1
1,2,0.518147334,1
1,2,0.584945385,1
1,1,0.418078096,1
1,2,0.83523049,1
1,1,0.418092105,1
1,1,0.384669666,1
1,1,0.384628867,1
1,1,0.418135329,1
1,1,0.36808016,1
1,2,0.45141413,1
1,1,0.384754605,1
1,2,0.401366896,1
1,1,0.384675745,1
1,2,0.484765074,1
1,2,0.434729464,1
1,1,0.351385301,1
1,2,0.568178662,1
1,2,0.384739536,1
1,1,0.401449387,1
1,1,0.368005411,1
1,1,0.334754022,1
1,1,0.351402296,1
1,2,0.484813414,1
1,1,0.468175849,1
1,1,0.451499914,1
1,2,0.551593428,1
1,1,0.367995749,1
1,1,0.384697683,1
1,2,0.43474746,1
1,2,0.418018756,1
1,1,0.451513797,1
1,2,0.384715666,1
1,2,0.518102353,1
1,1,0.384732752,1
1,1,0.334646162,1
1,2,0.501501653,1
1,1,0.484766423,1
1,2,0.468146696,1
1,1,0.401439646,1
1,1,0.368061393,1
1,1,0.384647781,1
1,2,0.401372039,1
1,2,0.451399197,1
1,2,0.351275284,1
1,1,0.401376646,1
1,2,0.534971685,1
1,2,0.468187923,1
1,2,0.318032666,0
1,1,0.434807205,1
1,1,0.384741579,1
1,2,0.568275305,1
1,2,0.401335288,1
1,1,0.36801305,1
1,1,0.367973437,1
1,2,0.518253753,1
1,2,0.401386548,1
1,1,0.334617089,1
1,1,0.36800391,1
1,1,0.351259147,1
1,1,0.351244683,1
1,2,0.418130922,1
1,2,0.534907584,1
1,2,0.50155955,1
1,2,0.468171902,1
1,1,0.551563912,1
1,1,0.384750169,1
1,1,0.418046918,1
1,1,0.451538521,1
1,2,0.501488958,1
1,1,0.41811149,1
1,2,0.468103292,1
1,1,0.401371588,1
1,2,0.735120691,0
1,2,0.418092618,1
1,2,0.418109401,1
1,1,0.434681378,1
1,2,0.501493415,1
1,1,0.41816794,1
1,2,0.384686609,1
1,1,0.367964672,1
1,1,0.401421008,1
1,1,0.368042606,1
1,2,0.618360541,1
1,2,0.46819405,1
1,2,0.484692034,1
1,1,0.401420079,1
1,2,0.401340925,1
1,1,0.418030298,1
1,1,0.351317571,1
1,1,0.384641284,1
1,1,0.384768046,1
1,2,0.468102426,1
1,1,0.384650014,1
1,1,0.401442294,1
1,2,0.501401239,1
1,2,0.451429611,1
1,1,0.384715232,1
1,2,0.451503037,1
1,1,0.384679494,1
1,2,0.468206999,1
1,2,0.367990438,1
1,1,0.368064164,1
1,2,0.501497156,1
1,2,0.384714531,1
1,1,0.318015753,1
1,1,0.367984063,1
1,1,0.368069058,1
1,2,0.451381864,1
1,1,0.401515038,1
1,1,0.434827056,1
1,1,0.434761677,1
1,1,0.384764396,1
1,2,0.518182944,1
1,2,0.451511629,1
1,1,0.501530351,1
1,1,0.418069553,1
1,2,0.484859318,1
1,2,0.484826627,1
1,2,0.501450192,1
1,1,0.618328243,1
1,2,0.418006742,1
1,2,0.384765596,1
1,2,0.501484488,1
1,2,0.418079541,1
1,1,0.45147739,1
1,2,0.501570902,1
1,2,0.434779078,1
1,2,0.418034218,1
1,1,0.368084753,1
1,1,0.351362771,1
1,1,0.351321442,1
1,2,0.434822956,1
1,1,0.384441284,1
1,2,0.451423709,1
1,1,0.384731797,1
1,2,0.368031977,1
1,2,0.568231721,1
1,2,0.401449143,1
1,2,0.434712188,1
1,1,0.334655999,1
1,2,0.401386856,0
1,2,0.451481716,1
1,2,0.48487855,1
1,2,0.551553707,1
1,1,0.36803402,1
1,1,0.484855431,1
1,1,0.468141771,1
1,1,0.601614896,1
1,2,0.601671242,1
1,2,0.418120615,1
1,1,0.418067376,1
1,2,0.568283206,1
1,2,0.451405721,1
1,1,0.534871828,1
1,2,0.401458391,1
1,1,0.384671242,1
1,1,0.418199735,1
1,1,0.384694768,1
1,1,0.451524726,1
1,1,0.434748526,1
1,2,0.43475364,1
1,2,0.434812128,1
1,1,0.418089685,1
1,2,0.451498344,1
1,1,0.41795749,1
1,2,0.45145483,1
1,1,0.468181513,1
1,2,0.46817956,1
1,2,0.468127275,1
1,1,0.384761475,1
1,1,0.384754224,1
1,1,0.401453163,1
1,1,0.384673722,1
1,1,0.368052166,1
1,2,0.468125804,1
1,1,0.35125092,1
1,2,0.451452199,1
1,1,0.384678793,1
1,2,0.38471423,1
1,2,0.551584308,1
1,2,0.451402747,1
1,1,0.451395981,1
1,1,0.434818131,1
1,2,0.418100066,1
1,2,0.401421695,1
1,2,0.501538629,1
1,1,0.334698685,1
1,2,0.534938161,1
1,2,0.434799136,1
1,1,0.384780372,1
1,1,0.401449699,1
1,1,0.401360358,1
1,1,0.451471684,1
1,1,0.368074037,1
1,2,0.401304216,1
1,2,0.384732974,1
1,1,0.384674753,1
1,2,0.418080797,1
1,2,0.551601965,1
1,1,0.368036332,1
1,1,0.434722074,1
1,1,0.668323618,1
1,2,0.401331552,0
1,1,0.351236674,1
1,2,0.368022856,1
1,1,0.384749575,1
1,2,0.434774296,1
1,2,0.501566483,1
1,1,0.401378363,1
1,2,0.351405697,1
1,2,0.468188111,1
1,1,0.38473932,1
1,1,0.451464603,1
1,1,0.384609138,1
1,2,0.518258395,1
1,2,0.48486191,1
1,1,0.468137753,1
1,2,0.468142277,1
1,1,0.384751415,1
1,2,0.501493351,1
1,1,0.368002591,1
1,2,0.468082239,1
1,2,0.384685048,1
1,1,0.351278378,1
1,1,0.367981719,1
1,2,0.468134767,1
1,1,0.401405576,1
1,1,0.467858708,1
1,2,0.584875546,1
1,1,0.334627996,1
1,2,0.484797784,1
1,2,0.484779724,1
1,2,0.434692339,1
1,1,0.367824112,1
1,1,0.401442035,1
1,1,0.418038766,1
1,2,0.468094685,1
1,2,0.484785072,1
1,1,0.384678532,1
1,1,0.384711426,1
1,2,0.45147702,1
1,2,0.518193007,1
1,1,0.367992575,1
1,2,0.451419988,1
1,1,0.401371089,1
1,2,0.384807472,1
1,1,0.384715579,1
1,2,0.351317095,1
1,2,0.434814748,1
1,2,0.468054596,1
1,1,0.418108881,1
1,1,0.434813751,1
1,2,0.618344413,1
1,1,0.334676421,1
1,1,0.351382173,1
1,2,0.368047486,1
1,1,0.401380352,1
1,2,0.418057238,1
1,2,0.501456131,1
1,2,0.351332384,1
1,2,0.368077137,1
1,1,0.384743179,1
1,1,0.334407846,1
1,1,0.418030837,1
1,1,0.384391498,1
1,2,0.484743179,1
1,2,0.534924485,1
1,1,0.451519883,1
1,1,0.384683407,1
1,1,0.418089795,1
1,2,0.468149209,1
1,1,0.384400948,1
1,1,0.351353638,1
1,2,0.501455752,1
1,2,0.401380251,1
1,2,0.568212611,1
1,2,0.468127264,1
1,1,0.367956984,1
1,1,0.36796846,1
1,2,0.434785808,1
1,2,0.418011884,1
1,2,0.351337723,1
1,1,0.418066704,1
1,2,0.501451086,1
1,2,0.518165403,1
1,2,0.451413486,1
1,1,0.38470431,1
1,2,0.468190542,1
1,1,0.384713712,1
1,2,0.468083106,1
1,1,0.384690864,1
1,2,0.401471987,1
1,1,0.401455399,1
1,1,0.434823032,1
1,2,0.451364812,1
1,2,0.468141302,1
1,1,0.351355366,1
1,2,0.368058886,1
1,1,0.36801641,1
1,1,0.384722301,1
1,1,0.334689027,1
1,2,0.484788309,1
1,1,0.434765071,1
1,1,0.401431313,1
1,1,0.468105071,1
1,2,0.401494652,1
1,2,0.46820724,1
1,1,0.367962626,1
1,1,0.43474988,1
1,2,0.468178024,1
1,2,0.434744863,1
1,2,0.3846983,1
1,2,0.384719717,1
1,2,0.434805742,1
1,1,0.401447445,1
1,2,0.401378271,1
1,2,0.484832748,1
1,1,0.301259458,1
1,2,1.202308204,1
1,1,0.3846762,1
1,1,0.334655322,1
1,1,0.317862918,1
1,1,0.434792758,1
1,1,0.484905787,1
1,2,0.31786601,1
1,2,0.418022948,1
1,1,0.301236903,1
1,1,0.318010768,1
1,1,0.368061543,1
1,1,0.384684381,1
1,2,0.351408109,1
1,1,0.418132274,1
1,2,0.434831544,1
1,1,0.334643429,1
1,1,0.401428727,1
1,2,0.451513833,1
1,1,0.318035651,1
1,2,0.5015235,1
1,2,0.317955973,1
1,2,0.31800086,1
1,1,0.368050323,1
1,1,0.318066419,1
1,2,0.418113503,1
1,1,0.301355997,1
1,2,0.36798256,1
1,2,0.334669377,1
1,2,0.468198519,1
1,2,0.334682834,1
1,2,0.468203342,1
1,1,0.317969762,1
1,2,0.30132421,1
1,1,0.301238273,1
1,1,0.351319689,1
1,1,0.36787719,1
1,1,0.317983969,1
1,2,0.418068762,1
1,2,0.41805022,1
1,2,0.367969106,1
1,1,0.368061086,1
1,1,0.351363506,1
1,2,0.501539569,1
1,2,0.468021876,1
1,2,0.451485746,1
1,2,0.368022016,1
1,1,0.384785031,1
1,2,0.434757842,1
1,1,0.334436839,1
1,1,0.334621788,1
1,2,0.368052447,1
1,2,0.384685019,1
1,1,0.384765607,1
1,2,0.351368471,1
1,2,0.317987847,1
1,1,0.301349418,1
1,2,0.334645773,1
1,2,0.351272245,1
1,2,0.318018575,1
1,1,0.334586865,1
1,1,0.33472825,1
1,1,0.33462677,1
1,2,0.434748869,1
1,1,0.317980154,1
1,2,0.518197546,1
1,1,0.368093346,1
1,1,0.351316118,1
1,2,0.284611409,0
1,1,0.401385316,1
1,2,0.351338231,1
1,1,0.50148255,1
1,2,0.317966092,1
1,1,0.367694223,1
1,1,0.384691317,1
1,1,0.434722764,1
1,2,0.468107673,1
1,1,0.401383574,1
1,2,0.368059177,1
1,1,0.317981645,1
1,1,0.351350154,1
1,1,0.451399869,1
1,1,0.584962858,1
1,1,0.418136883,1
1,2,0.334672997,1
1,1,0.351377237,1
1,2,0.401400624,1
1,2,0.384667741,1
1,1,0.434657514,1
1,2,0.317909273,1
1,2,0.368081736,1
1,1,0.351035831,1
1,1,0.468168998,1
1,2,0.33466369,1
1,1,0.301277974,1
1,2,0.301281298,1
1,2,0.384666599,0
1,1,0.534843065,1
1,2,0.468137336,1
1,2,0.518260262,1
1,1,0.367984602,1
1,1,0.351341789,1
1,1,0.368022822,1
1,1,0.384746108,1
1,1,0.38466863,1
1,2,0.367970881,1
1,2,0.384736663,1
1,2,0.367957438,1
1,2,0.468150355,1
1,1,0.401442556,1
1,1,0.418053697,1
1,1,0.334672489,1
1,2,0.451437834,1
1,2,0.401350184,1
1,2,0.334662894,1
1,2,0.368024548,1
1,1,0.351334023,1
1,1,0.451459159,1
1,2,0.334634845,1
1,2,0.334622668,1
1,1,0.334624807,1
1,1,0.334639774,1
1,1,0.33468129,1
1,1,0.401383154,1
1,2,0.40139269,1
1,2,0.284608172,0
1,1,0.451388795,1
1,1,0.368046489,1
1,2,0.351363457,1
1,2,0.301274342,1
1,1,0.418110624,1
1,1,0.401422384,1
1,1,0.468093959,1
1,2,0.451454526,1
1,1,0.351350709,1
1,2,0.468116149,1
1,2,0.501474082,1
1,2,0.368104373,1
1,1,0.368048022,1
1,2,0.534923733,1
1,1,0.401417055,1
1,2,0.368037273,1
1,1,0.367994521,1
1,1,0.501523201,1
1,2,0.53490472,1
1,1,0.401456712,1
1,2,0.334642819,1
1,2,0.334652365,1
1,2,0.317999124,1
1,2,0.301226626,1
1,1,0.351354303,1
1,1,0.301314547,1
1,2,0.317985236,1
1,2,0.334683753,1
1,1,0.334707782,1
1,2,0.518221147,1
1,1,0.351328515,1
1,2,0.401433697,1
1,1,0.401368699,1
1,1,0.334577416,1
1,2,0.368025139,1
1,2,0.334690116,1
1,2,0.434826077,1
1,1,0.267936784,1
1,1,0.38465037,1
1,1,0.4013933,1
1,2,0.418058975,1
1,2,0.451412141,1
1,1,0.334742997,1
1,1,0.301268884,1
1,1,0.418053203,1
1,2,0.334721071,1
1,2,0.418093962,1
1,1,0.351390103,1
1,1,0.334712049,1
1,2,0.384698641,1
1,1,0.334610521,1
1,1,0.317617594,1
1,2,0.501459162,1
1,1,0.367984035,1
1,1,0.368027473,1
1,2,0.401374124,1
1,2,0.367970311,1
1,1,0.318014205,1
1,1,0.418105102,1
1,1,0.434777753,1
1,2,0.401427914,1
1,2,0.334666485,1
1,2,0.401417626,1
1,1,0.368017899,1
1,1,0.317964621,1
1,1,0.301296806,1
1,1,0.368085824,1
1,1,0.301343518,1
1,2,0.317985483,1
1,2,0.351379951,1
1,2,0.334629575,0
1,2,0.434770349,1
1,2,0.434681598,1
1,1,0.317992651,1
1,2,0.401434483,1
1,1,0.401115564,1
1,2,0.401457971,1
1,1,0.301313279,1
1,2,0.317839052,1
1,2,0.418046118,1
1,1,0.351354126,1
1,2,0.31794785,1
1,2,0.351362566,1
1,1,0.968667294,1
1,2,0.484827211,1
1,2,0.384677812,1
1,1,0.334710721,1
1,2,0.384763746,1
1,1,0.434687623,1
1,1,0.318058985,1
1,1,0.351319354,1
1,1,0.418092106,1
1,1,0.38472095,1
1,2,0.351324116,1
1,1,0.368062449,1
1,2,0.401347842,1
1,1,0.38465304,1
1,2,0.35132361,1
1,2,0.317956271,1
1,2,0.33449351,1
1,2,0.518177268,1
1,1,0.401423072,1
1,1,0.45141486,1
1,1,0.301255989,1
1,2,0.384652527,1
1,2,0.367924164,1
1,1,0.418064851,1
1,2,0.351453908,1
1,1,0.418008205,1
1,2,0.434707199,1
1,2,0.334726704,1
1,1,0.417976035,1
1,2,0.434772538,1
1,1,0.351368198,1
1,2,0.418039024,1
1,2,0.351290795,1
1,1,0.368067665,1
1,2,0.351247899,1
1,2,0.468145846,1
1,2,0.3513668,1
1,1,0.384655319,1
1,2,0.334674141,1
1,2,0.418085846,1
1,2,0.451501264,1
1,2,0.434750969,1
1,2,0.384697716,1
1,1,0.384730076,1
1,1,0.384631681,1
1,1,0.418084947,1
1,2,0.451399588,1
1,1,0.384599399,1
1,1,0.401378796,1
1,1,0.334601604,1
1,1,0.384764507,1
1,1,0.401379038,1
1,2,0.401401046,1
1,1,0.45137756,1
1,1,0.334661269,1
1,1,0.384794162,1
1,2,0.401311841,1
1,2,0.434816131,1
1,2,0.401390212,1
1,1,0.401393773,1
1,2,0.401453983,1
1,1,0.334638929,1
1,2,0.401455591,1
1,2,0.468161239,1
1,2,0.418109459,1
1,1,0.401436562,1
1,2,0.334634247,1
1,2,0.351349934,1
1,1,0.368030294,1
1,1,0.401281899,1
1,1,0.334633949,1
1,1,0.3679893,1
1,2,0.368034481,1
1,1,0.36797511,1
1,2,0.401405074,1
1,2,0.484788502,1
1,2,0.317920983,1
1,2,0.434801719,1
1,1,0.351341794,1
1,1,0.384739331,1
1,1,0.351285409,1
1,1,0.367988922,1
1,2,0.317886675,1
1,2,0.434698193,1
1,2,0.301250566,1
1,1,0.434788939,1
1,1,0.3513275,1
1,2,0.434713349,1
1,2,0.518239659,1
1,1,0.351250436,1
1,2,0.317948166,1
1,1,0.434773054,1
1,2,0.284492692,1
1,1,0.351351128,0
1,2,0.451432738,1
1,2,0.451487963,1
1,2,0.484784848,1
1,1,0.367991944,1
1,2,0.334667324,1
1,1,0.367997703,1
1,1,0.317963731,1
1,1,0.384700607,1
1,1,0.368069111,1
1,1,0.3847889,1
1,2,0.334674408,1
1,1,0.401419567,1
1,1,0.418147748,1
1,1,0.38481776,1
1,2,0.418015031,1
1,1,0.301260655,1
1,2,0.601578192,1
1,1,0.367936003,1
1,2,0.434797936,1
1,2,0.384756759,1
1,1,0.368003698,1
1,1,0.334659722,1
1,1,0.368044904,1
1,1,0.351360419,1
1,2,0.351378092,0
1,2,0.551516798,1
1,2,0.35132266,1
1,1,0.384698076,1
1,1,0.351352876,1
1,2,0.301309248,1
1,1,0.368016004,1
1,1,0.301325151,1
1,1,0.368031433,1
1,1,0.417762206,1
1,2,0.384686582,1
1,1,0.384593988,1
1,2,0.41811614,1
1,2,0.368052805,1
1,2,0.451363073,1
1,2,0.468170717,1
1,2,0.368159954,1
1,1,0.384728312,1
1,1,0.384682964,1
1,2,0.351399644,1
1,2,0.368040531,1
1,1,0.401433259,1
1,2,0.418121607,1
1,1,0.434777513,1
1,2,0.468132833,1
1,2,0.434706936,1
1,2,0.384655281,1
1,2,0.451436131,1
1,2,0.418043006,1
1,2,0.418096048,1
1,1,0.367924274,1
1,1,0.384774103,1
1,1,0.434510252,1
1,2,0.468050954,1
1,1,0.317935217,1
1,1,0.434804216,1
1,1,0.334709164,1
1,2,0.418072793,1
1,2,0.401372686,1
1,2,0.418149188,1
1,1,0.384677274,1
1,1,0.384682779,1
1,2,0.434819585,1
1,1,0.334570287,1
1,1,0.317938192,1
1,2,0.334612396,1
1,2,0.45135626,1
1,1,0.334708741,1
1,1,0.351344648,1
1,2,0.418125252,1
1,2,0.368023688,1
1,1,0.351208906,1
1,2,0.501531022,1
1,2,0.434732611,1
1,2,0.368058658,1
1,2,0.368051601,0
1,2,0.384726563,1
1,2,0.334575269,1
1,2,0.451409674,1
1,2,0.418076437,1
1,2,0.468206297,1
1,2,0.401308803,1
1,1,0.468137845,1
1,2,0.418119945,1
1,1,0.384617513,1
1,1,0.401377463,1
1,1,0.384737336,1
1,1,0.351272766,1
1,2,0.384645555,1
1,2,0.484808398,1
1,2,0.334529187,1
1,2,0.434799725,1
1,1,0.401406118,1
1,1,0.401323138,1
1,2,0.417990694,1
1,1,0.368075226,1
1,1,0.418044889,1
1,1,0.301258471,1
1,2,0.434807665,1
1,2,0.384680191,1
1,1,0.351205042,1
1,2,0.351413572,1
1,2,0.434793761,1
1,2,0.434837741,1
1,1,0.418135255,1
1,2,0.351289322,1
1,1,0.351399668,1
1,1,0.334602081,1
1,2,0.367951984,1
1,1,0.484932002,1
1,1,0.401422555,1
1,1,0.351240468,0
1,1,0.33467535,1
1,1,0.401469967,1
1,2,0.518237621,1
1,1,0.334613555,1
1,1,0.317954802,1
1,1,0.368122078,1
1,2,0.451411441,1
1,1,0.434780678,1
1,2,0.518243169,1
1,1,0.351052014,1
1,1,0.43482049,1
1,2,0.46819869,1
1,1,0.351355531,1
1,2,0.368008725,0
1,1,0.501496759,1
1,1,0.351305095,1
1,1,0.434828226,0
1,2,0.451514294,1
1,2,0.368072536,1
1,2,0.384571594,1
1,2,0.518236166,1
1,1,0.368041697,1
1,2,0.418022574,1
1,1,0.534911479,1
1,2,0.38475242,1
1,1,0.384733442,1
1,2,0.484738461,1
1,1,0.31798009,1
1,2,0.384772688,1
1,2,0.367950161,1
1,2,0.401390487,1
1,1,0.418122567,1
1,1,0.468184159,1
1,1,0.384689261,1
1,1,0.351298102,1
1,1,0.368117407,1
1,2,0.534861838,1
1,1,0.384721889,1
1,2,0.434926993,1
1,2,0.317908515,1
1,1,0.384669457,1
1,2,0.451117782,1
1,1,0.384676451,1
1,2,0.418144737,1
1,1,0.401414271,1
1,1,0.418076384,1
1,1,0.351334273,1
1,1,0.418089329,1
1,1,0.418032995,1
1,1,0.401367966,1
1,1,0.384785762,1
1,1,0.38467594,1
1,1,0.401408081,1
1,1,0.384737738,1
1,1,0.384653108,1
1,2,0.368046927,1
1,1,0.317962362,1
1,2,0.368047559,0
1,2,0.401369534,1
1,1,0.41811095,1
1,2,0.484862634,1
1,1,0.417977485,1
1,2,0.368064887,1
1,2,0.384663938,1
1,2,0.518106283,1
1,2,0.468151711,1
1,2,0.451451177,1
1,1,0.368041121,1
1,2,0.451361356,1
1,2,0.45150278,1
1,2,0.367968969,1
1,2,0.384768175,1
1,1,0.484787921,1
1,2,0.468071829,1
1,2,0.401312141,1
1,1,0.451510773,1
1,2,0.45152666,1
1,2,0.368052552,1
1,2,0.40142262,1
1,2,0.434768933,1
1,1,0.351321298,1
1,1,0.518171393,1
1,2,0.401433899,1
1,2,0.434842377,1
1,1,0.384689928,1
1,2,0.367998507,1
1,1,0.418147877,1
1,1,0.417966875,1
1,2,0.401449798,1
1,2,0.451457599,1
1,2,0.401349547,1
1,2,0.568195574,1
1,2,0.434776089,1
1,2,0.351339199,1
1,1,0.384773675,1
1,2,0.384713949,1
1,2,0.367992228,1
1,2,0.351344856,1
1,1,0.367988097,1
1,1,0.384662662,1
1,2,0.401304179,1
1,2,0.351305133,1
1,1,0.36802883,1
1,1,0.334676979,1
1,2,0.451510571,1
1,1,0.401418388,1
1,1,0.43458032,1
1,2,0.367704089,0
1,1,0.334655165,1
1,1,0.334643917,1
1,1,0.301265099,1
1,2,0.418080224,1
1,2,0.484714479,1
1,1,0.267910651,1
1,1,0.351386008,1
1,1,0.401360088,1
1,1,0.368044994,1
1,2,0.434753762,1
1,1,0.418119859,1
1,1,0.418020035,1
1,1,0.418110399,1
1,1,0.384688352,1
1,1,0.351374572,1
1,2,0.43479445,1
1,2,0.367944759,1
1,2,0.36799409,1
1,1,0.368000365,1
1,1,0.401394832,1
1,2,0.735052844,1
1,2,0.43475054,1
1,2,0.434784388,1
1,2,0.384682515,1
1,2,0.434796442,1
1,1,0.384681385,1
1,1,0.334675516,1
1,1,0.351347879,1
1,1,0.301332001,1
1,2,0.451355843,1
1,1,0.351328272,1
1,1,0.318007132,1
1,2,0.301310784,0
1,2,0.418110115,1
1,2,0.401333563,1
1,1,0.351254138,1
1,1,0.434754618,1
1,1,0.384684556,1
1,2,0.351266314,1
1,2,0.418089969,1
1,2,0.351331384,1
1,1,0.351291486,1
1,1,0.384625171,1
1,2,0.434710817,1
1,1,0.367904738,1
1,2,0.368025765,1
1,1,0.368126906,1
1,1,0.384766629,1
1,2,0.434784676,1
1,1,0.351280364,1
1,2,0.367849085,1
1,2,0.418089909,1
1,1,0.451155351,1
1,1,0.367672241,1
1,1,0.384718976,1
1,2,0.38468564,1
1,1,0.368060846,1
1,2,0.401394016,1
1,1,0.368048322,1
1,1,0.401416753,1
1,2,0.418070299,1
1,2,0.384763878,1
1,2,0.41802825,1
1,2,0.451519434,1
1,2,0.351390531,1
1,2,0.434809026,1
1,1,0.351292045,1
1,1,0.384782789,1
1,1,0.384768659,1
1,1,0.368009751,1
1,2,0.334683792,0
1,1,0.418117842,1
1,1,0.351364283,1
1,1,0.368029783,1
1,2,0.367978183,1
1,2,0.351310231,1
1,2,0.818507494,1
1,1,0.468191056,1
1,1,0.468177165,1
1,2,0.518178901,1
1,2,0.451497826,1
1,1,0.53479378,1
1,1,0.434776775,1
1,1,0.367964036,1
1,1,0.35130988,1
1,2,0.401422389,1
1,1,0.368057959,1
1,1,0.584955516,1
1,1,0.36801279,1
1,2,0.401425735,1
1,2,0.384751389,1
1,2,0.434685199,1
1,2,0.484860746,1
1,2,0.451194806,1
1,1,0.36803196,1
1,1,0.367986741,1
1,1,0.401425429,1
1,1,0.418030531,1
1,2,0.317832015,1
1,2,0.434759267,1
1,2,0.384656067,1
1,2,0.401334967,1
1,2,0.401273327,1
1,1,0.418092707,1
1,2,0.451498836,1
1,1,0.418138409,1
1,2,0.434829345,1
1,2,0.434782482,1
1,1,0.384634988,1
1,2,0.334629331,0
1,2,0.468111771,1
1,1,0.418013752,1
1,2,0.468036184,1
1,1,0.40142679,1
1,1,0.418033689,1
1,1,0.418044519,1
1,2,0.38466932,1
1,1,0.384446124,1
1,1,0.418090261,1
1,1,0.384759919,1
1,2,0.351323901,1
1,1,0.551573896,1
1,1,0.401322101,1
1,2,0.451484315,1
1,2,0.368065868,0
1,1,0.351329406,1
1,2,0.367982469,1
1,2,0.484856385,1
1,2,0.334702763,1
1,2,0.468225319,1
1,1,0.384696954,1
1,1,0.401427508,1
1,1,0.618296993,1
1,1,0.501519622,1
1,2,0.468158134,1
1,1,0.368057545,1
1,1,0.351364216,1
1,2,0.451509121,1
1,1,0.418116295,1
1,2,0.50153958,1
1,1,0.40139566,1
1,2,0.401375102,1
1,2,0.501472995,1
1,1,0.401413616,1
1,2,0.367956013,1
1,2,0.384732108,1
1,1,0.318025905,1
1,2,0.518162012,1
1,1,0.418070856,1
1,1,0.334607087,1
1,1,0.351311543,1
1,1,0.468161252,1
1,1,0.518151553,1
1,2,0.484805856,1
1,2,0.751821602,1
1,2,0.451580744,1
1,2,0.417999673,1
1,2,0.401392194,1
1,1,0.46811777,1
1,1,0.46809698,1
1,1,0.551500992,1
1,1,0.384754106,1
1,1,0.384674637,1
1,2,0.501461351,1
1,2,0.501499195,1
1,1,0.434784478,1
1,1,0.318024313,1
1,2,0.451401619,1
1,2,0.384741718,1
1,2,0.468141718,1
1,1,0.46813665,1
1,1,0.351257723,1
1,2,0.351351139,1
1,1,0.368066834,1
1,2,0.451556603,1
1,2,0.468155163,1
1,1,0.70167878,1
1,2,0.384738463,1
1,2,0.334591067,1
1,2,0.301297788,1
1,1,0.36805472,1
1,2,0.217894972,1
1,1,0.301261777,1
1,1,0.501569936,1
1,2,0.484845239,1
1,2,0.735119383,1
1,1,0.36808112,1
1,2,0.484707984,1
1,2,0.818522402,1
1,1,0.468173628,1
1,1,0.40140684,1
1,1,0.368015314,1
1,2,0.451439787,1
1,2,0.568268661,1
1,1,0.31795868,1
1,2,0.318026301,1
1,1,0.451501378,1
1,1,0.384706135,1
1,1,0.351302534,1
1,1,0.401351409,1
1,2,0.451430018,1
1,1,0.451500321,1
1,2,0.351343469,1
1,1,0.317966706,1
1,1,0.368081647,1
1,2,0.401454843,1
1,1,0.367917335,1
1,1,0.434781055,1
1,1,0.351289776,1
1,2,0.384704097,1
1,1,0.384734398,1
1,1,0.334630426,1
1,1,0.31784786,1
1,1,0.317934355,1
1,1,0.451399038,1
1,2,0.918700102,1
1,2,0.468186449,1
1,1,0.468196096,1
1,2,0.551592959,1
1,1,0.568199913,1
1,2,0.534893857,1
1,2,0.501473812,1
1,1,0.568287541,1
1,2,0.401277871,1
1,2,0.401387632,1
1,2,0.651658602,1
1,2,0.384719136,1
1,2,0.501539637,1
1,2,0.418146343,1
1,2,0.43481276,1
1,1,0.48481129,1
1,2,0.618181671,1
1,1,0.668365101,1
1,1,0.468183637,1
1,2,0.551450438,1
1,2,0.418041293,1
1,2,0.401354488,1
1,2,0.418052517,1
1,2,0.384669989,1
1,1,0.434787699,1
1,2,0.351387592,1
1,1,0.801781598,1
1,2,0.384384275,1
1,1,0.384610613,1
1,1,0.668345199,1
1,1,0.367985389,1
1,1,0.451367278,1
1,1,0.384705812,1
1,2,0.38441942,1
1,1,0.417989386,1
1,1,0.384774422,1
1,1,0.384740795,1
1,1,0.351257998,1
1,2,0.601519909,1
1,2,0.384784816,1
1,1,0.318017324,1
1,1,0.301297855,1
1,2,0.334665281,1
1,2,0.351355855,1
1,1,0.434760565,1
1,2,0.334629747,1
1,1,0.334617971,1
1,2,0.384686851,1
1,1,0.368020055,1
1,2,0.384724726,1
1,1,0.434735772,1
1,2,0.418031817,1
1,2,0.36803708,1
1,2,0.468174243,1
1,1,0.384755465,1
1,2,0.401350155,1
1,1,0.384710325,1
1,2,0.351412314,1
1,2,0.418142932,1
1,1,0.351344317,1
1,2,0.451480312,1
1,2,0.434741815,1
1,1,0.368050114,1
1,1,0.351366588,1
1,1,0.367924803,1
1,2,0.31798617,1
1,2,0.451436148,1
1,1,0.451409364,1
1,1,0.401434748,1
1,1,0.36801786,1
1,2,0.334672227,1
1,1,0.368002952,1
1,1,0.368003803,1
1,1,0.334594672,1
1,2,0.568202046,1
1,2,0.367986803,1
1,2,0.317942319,1
1,1,0.417994129,1
1,2,0.368074984,1
1,2,0.317990342,1
1,2,0.41807229,1
1,1,0.501506435,1
1,2,0.36807286,1
1,2,0.434776935,1
1,2,0.468191287,1
1,2,0.751812628,1
1,1,0.418003625,1
1,2,0.45138711,1
1,1,0.418020734,1
1,2,0.501518047,1
1,1,0.384700929,1
1,2,0.351359791,1
1,2,0.334646827,1
1,1,0.418084626,1
1,2,0.368077936,1
1,2,0.351407142,1
1,1,0.334631003,1
1,2,0.51820925,1
1,1,0.384744808,1
1,2,0.418134424,1
1,2,0.468142923,1
1,1,0.368039572,1
1,1,0.468090048,1
1,1,0.384754716,1
1,1,0.368095419,1
1,1,0.434761642,1
1,2,0.401398779,1
1,1,0.401378638,1
1,2,0.367935785,1
1,1,0.351381297,1
1,2,0.384743464,1
1,1,0.334657635,1
1,2,0.468154655,1
1,1,0.368048261,1
1,1,0.334555111,0
1,2,0.651645195,1
1,1,0.401292911,1
1,1,0.75171061,1
1,2,0.418139768,1
1,2,0.9853987,1
1,2,0.401402685,1
1,1,0.418068602,1
1,1,0.351355035,1
1,2,0.334631238,1
1,1,0.468167734,1
1,2,0.468126267,1
1,1,0.501432306,1
1,1,0.45144118,1
1,1,0.351324922,1
1,2,0.368020813,0
1,2,0.634985167,1
1,2,0.434766169,1
1,1,0.401423616,1
1,2,0.501537751,1
1,2,0.384714188,0
1,2,0.751855439,1
1,1,0.518223418,1
1,1,0.384707051,1
1,2,0.418049087,1
1,2,0.501546458,1
1,1,0.401423388,1
1,2,0.434813063,1
1,2,0.334657791,1
1,1,0.401296754,1
1,2,0.501569627,1
1,1,0.334713569,1
1,2,0.534841314,1
1,1,0.334661422,1
1,1,0.317980258,1
1,2,0.334529607,0
1,2,0.668307092,1
1,1,0.418010177,1
1,1,0.401338996,1
1,1,0.418149877,1
1,1,0.334565933,1
1,2,0.36800788,1
1,2,0.568296746,1
1,2,0.501465526,1
1,1,0.418048206,1
1,2,0.35138253,1
1,2,0.35131795,1
1,1,0.334672086,1
1,1,0.418061357,1
1,2,0.451502277,1
1,2,0.56815802,1
1,2,0.401288599,1
1,2,0.401455931,1
1,2,0.718509677,1
1,2,0.501496578,1
1,1,0.384659252,1
1,1,0.468062061,1
1,2,0.384749531,1
1,1,0.384676766,1
1,2,0.417984022,1
1,1,0.401429338,1
1,2,0.401364361,1
1,1,0.367906835,1
1,2,0.434830426,1
1,2,0.501510968,1
1,1,0.351364639,1
1,1,0.367996271,1
1,1,0.351325381,1
1,1,0.468137396,1
1,1,0.434820868,1
1,2,0.418054098,1
1,1,0.368097835,1
1,2,0.367998152,1
1,1,0.468197046,1
1,1,0.468176906,1
1,1,0.367996716,1
1,1,0.40137847,1
1,1,0.368035644,1
1,1,0.318005296,1
1,2,0.36809358,1
1,2,0.451469099,1
1,2,0.468112858,1
1,2,0.384743144,1
1,2,0.451405966,1
1,2,0.368009141,1
1,2,0.317955986,1
1,1,0.36795807,1
1,2,0.368002023,1
1,1,0.301329259,1
1,2,0.351293148,1
1,1,0.35136672,1
1,2,0.35104691,1
1,1,0.301216305,1
1,2,0.368074357,1
1,1,0.367963279,1
1,2,0.418113708,1
1,1,0.401449168,1
1,2,0.384715874,1
1,2,0.368053194,1
1,1,0.317943148,1
1,1,0.334688448,1
1,1,0.451442244,1
1,2,0.484831595,1
1,2,0.418038319,0
1,1,0.384615298,1
1,2,0.401426961,1
1,1,0.334709188,1
1,2,0.367969825,1
1,1,0.334626981,1
1,1,0.351379655,1
1,1,0.401380044,1
1,1,0.40143918,0
1,1,0.785121492,1
1,2,0.401389128,1
1,1,0.351355268,1
1,2,0.451372368,1
1,2,0.635015274,1
1,1,0.484793399,1
1,2,0.468101717,1
1,2,0.451488403,1
1,2,0.518131764,1
1,1,0.518098353,1
1,2,0.418107352,1
1,2,0.668364928,1
1,1,0.401386696,1
1,1,0.384684527,1
1,1,0.384675474,1
1,1,0.36807711,1
1,1,0.351313522,1
1,2,0.534890957,1
1,1,0.384775075,1
1,2,0.534830101,1
1,1,0.317962128,1
1,2,0.40104625,1
1,1,0.368094584,1
1,1,0.351261224,1
1,2,0.401420329,1
1,2,0.368002156,1
1,2,0.451453882,0
