id,alpha,beta,eta,eta_r,sd_0,sd_r,tau,X^2,bic
101.0,0.07765989759737343,0.10417808495376135,-0.3074473366495285,4.640294482699354,0.3131428894557624,0.0160261041863962,0.16888933920222723,71.7487590255016,1975.7646842844345
102.0,0.14860249492287297,0.5186149148083129,0.18754509309053513,2.197666292525078,0.43303962225847925,0.010328209907764887,0.40964283112989064,80.34633490897619,1907.198607465805
103.0,0.10032653074103376,0.22401559449443953,-0.13940281337982796,-4.82150799756971,0.32951781986092543,0.013309396856511141,0.18471892881127636,57.604878788738645,2019.9373053139825
104.0,0.12697233890753037,0.46886128591551185,0.1212762174972728,4.610785350323746,0.19460911874711728,0.02511612910232042,0.3045516235153081,14.753113494454496,1835.4010263337289
105.0,0.12076119886624198,0.5556686768116416,-0.24434881446657986,1.6816123749217304,0.2965671937793293,0.022283851103275555,0.27580435847898205,38.38556189190298,1865.237834448732
106.0,0.09952213683354552,0.37467251936066753,-0.06897498443978878,-0.5826935471680661,0.43000908876311483,0.019568787582990587,0.2756051910017562,30.176763697301627,1916.6726985972753
107.0,0.07042382401755233,0.3185114355765767,-0.1554578879454933,-4.5343417003946005,0.2845569700286883,0.01736842351359505,0.2840838094841175,95.33538333246833,1999.5192917832815
108.0,0.12188503370773757,0.32064942920972284,0.038175202832703814,-1.2056540653424663,0.371384845146169,0.020010071044074977,0.23273087971455336,59.91336751016762,2048.8535130030336
109.0,0.1897361494719143,0.46170847335177745,0.2708057209725385,0.44785013880086044,0.3664947771469885,0.0139693775267305,0.3597953288930322,210.26088617308622,2123.990917705441
110.0,0.07084664331772275,0.34324452840865555,-0.08610694353337689,-4.968937895099826,0.28805230480380817,0.012571046665934792,0.2487451792056535,70.12847012685246,2019.76147590198
111.0,0.1425958770268473,0.6900866316231591,-0.3572845121741346,4.937183129652814,0.3584908546786858,0.012427112907265395,0.24484367114416714,19.578529914674196,1828.2288604318771
112.0,0.0912387530583452,0.34797668250770913,-0.04245087337890463,-4.7404798152870296,0.3290082733639901,0.01994587330647964,0.20110761944195316,49.39231651779245,2036.5005586978828
113.0,0.14744123110572008,0.6703443413519928,-0.26053617504457616,2.7392565101748767,0.33152123238979625,0.025402189623995153,0.2935279399335932,96.89288817457569,1947.5984536970514
114.0,0.07024022318229428,0.3551587860999854,-0.20951700009880192,-1.2208684444973477,0.26406609564560024,0.020793774942185383,0.24229982462551083,61.49480069584482,1905.8218700013806
115.0,0.11788059825988634,0.6248741792493949,-0.3584366628941851,-0.18291841676261902,0.280436155290904,0.017738597964983963,0.2715606811083725,99.84523053452483,1968.1096532871823
116.0,0.18449290395644324,0.7409904455806373,-0.3498692749455353,-3.971938863188831,0.29044457067732465,0.019117346969991636,0.26330880867379514,43.2551001535794,1863.1185141406588
117.0,0.07287094338089271,0.43583182115484415,0.010114709812827805,1.656093390526503,0.46362720457075735,0.0130062948149583,0.32958906865718385,73.66387511833089,1990.4451992111956
118.0,0.08235416246995898,0.19321380945306177,-0.24235313557091054,-4.116201994483911,0.3629235178730278,0.017474440204791126,0.20618830242777597,13.820040223694772,1903.632467440737
119.0,0.14457362567145637,0.6245061256833231,-0.3779391797642587,-3.580484223693496,0.2760512715037471,0.016929411730876982,0.2547300879588744,15.854863576028839,1806.2565746959451
120.0,0.07541018890372653,0.2855614099874879,-0.2603842262693018,-1.2480904696462758,0.3277392479986201,0.017555986801919075,0.2881781307235536,50.65377420431727,1895.6608538073665
121.0,0.13948618065442908,0.5540768469992657,0.19092795999643952,-1.6430114876166413,0.15780650207433733,0.016134733769903722,0.31789511844656493,51.437784495755146,1946.7337339613423
122.0,0.07405214012254918,0.21701826152523507,-0.20353146314572124,2.1088567597145924,0.2632472317604264,0.01549980469180814,0.2187724632531738,45.217533055884694,1895.9230985783604
123.0,0.07280704953332998,0.14942296240081598,-0.2608277904051547,-0.3147582778041552,0.311063321503233,0.025885299823329544,0.20357036913995918,97.98464291858683,2016.8644882087222
124.0,0.08972556120149616,0.182918866815325,-0.16811186002236855,2.400183289261281,0.2618759749704851,0.021732332404468528,0.18320305000035972,41.94051990993022,1928.3121480171233
125.0,0.11607318272408167,0.4359027997277549,0.11033314495884072,-1.6152218301399297,0.21989701639007975,0.01682725538778677,0.22871912945515502,29.68717847176644,1913.6674972959488
126.0,0.17163198077747788,0.6547720947354942,-0.05361332642916017,-4.267538133309435,0.18524911758989382,0.0213843402538094,0.3026486275392459,40.37660091449369,1866.7581731790503
127.0,0.14282129182347977,0.42521152175931,-0.37101990070158086,-3.026732236731947,0.2796711335279143,0.018252646897139166,0.19329442081936427,137.44256466758944,2011.0692631138552
128.0,0.1584937336875602,0.6663084663012132,-0.23547176678982962,4.191157796627127,0.28605803494844606,0.01945164352437736,0.20689589324882296,23.054137117162263,1831.187089984432
129.0,0.09070633620324488,0.36030282276404496,-0.22409386398460074,2.1600042616188797,0.28012746319631177,0.02406451522206039,0.2285216231821633,5.2649547636048375,1795.666665883521
130.0,0.07078388330398239,0.2565206604039115,-0.3007554981542079,3.821512375263657,0.30401108073662053,0.014530423018508284,0.25918643360659643,31.240917627331314,1858.0931901841602
131.0,0.11230970526960388,0.21079922063190643,0.12757284687170367,1.0199130111640786,0.2386291816419086,0.015839931120571433,0.16051574493265713,603.4493803051172,2667.521665840497
133.0,0.09390207716027638,0.19739674829360498,-0.14082496390666688,2.78003035048369,0.24506193577779833,0.015213631649564805,0.17875935720385977,12.317526161138835,1850.6966807477663
134.0,0.12802791352272547,0.7544765617489777,-0.0770068993413946,4.96194245309261,0.282140355840246,0.019150351077238375,0.3079157421760148,25.64682481041953,1834.2971553276225
135.0,0.14569731560320917,0.21977790797130403,-0.0543647950525562,3.3494247083809636,0.3069499824225028,0.023949444986272335,0.15433623644575867,39.37294829025981,1887.5628977369447
136.0,0.0879538810913937,0.5246849835501585,-0.2800545784132513,-2.2936536974816875,0.2853564863739668,0.01677960032079415,0.3331984809369257,6.258558471204921,1796.660269591121
137.0,0.1704813239509274,0.6893123144849961,-0.29591026694886513,-2.551133094079652,0.3123191655630406,0.016771655712505877,0.27441963732150865,35.92703490276973,1826.3287460226861
138.0,0.10365985460266687,0.43451465462757016,0.08185903228572888,2.5182488250676984,0.23172081628219243,0.02200424749813514,0.32002760395328256,41.86745501976749,1886.4509693239497
139.0,0.1757796314179231,0.5601670607837763,0.349205065659943,0.2709759003928369,0.568246133023187,0.010436155667718414,0.3037767039758123,19.178558305220914,2169.9017421731437
140.0,0.09077332212937503,0.07545455281933405,-0.3937641005722856,1.1061034229171107,0.27243527129521294,0.011730672768322842,0.17077467917161301,29.469294822069752,1868.2720147075643
141.0,0.08792184260526026,0.428145280513444,0.02536834982179692,-3.505285521514685,0.4530768239305649,0.019850831073739413,0.2522419545599379,156.03560367328168,2197.9954307433036
142.0,0.08481361109936482,0.05258912128709203,-0.4827521228971845,-4.345817938344755,0.33359076589264314,0.01753730173380362,0.20981910590170846,31.74460968179777,1894.0822432430725
143.0,0.10943347614513847,0.40411199915297585,-0.11492925758884742,-4.3255763761020924,0.3140837894860691,0.01997240662973368,0.2960845997774672,29.58070946436455,1885.3370400004703
144.0,0.11163258071289274,0.5465191397616586,-0.3358680790028027,-0.650330403588914,0.33664143234336263,0.02523251502806457,0.288697199505434,47.86254253174873,1874.7148150885778
145.0,0.07010704974434549,0.2292939620803418,-0.3556238327736131,-0.7246654734335872,0.31214889393299794,0.02163266997030558,0.19705792885737122,82.89064455523061,1980.2227829618905
146.0,0.178565618927971,0.2430185115936504,0.03492141009286098,-3.5806732361058486,0.2785780691385278,0.02219641846894594,0.2025139739087592,24.49046267291597,2049.501458853734
147.0,0.18911884017935404,0.6805104482210756,0.21583649781802028,2.097602899178562,0.8553560538212378,0.012839192693693352,0.3710364188307185,738.9532687720783,2763.0820974835024
148.0,0.11893248323254957,0.5040687428338073,-0.3354178637674572,2.7634466489071476,0.32216589091369796,0.023652988086637898,0.26049678532119636,26.07590752879711,1834.2088603960667
149.0,0.07452497349962256,0.16315374342447686,-0.24871921620337334,1.9727864475367107,0.2956042700010215,0.021886813659475816,0.19404494697452074,75.20383942148405,1959.1841582456668
150.0,0.07127588280237915,0.3115137793981096,-0.23041871004728653,4.300750132400111,0.35554786955436524,0.0156653932235298,0.21137236118125113,24.761864316941793,1874.5630569487487
151.0,0.13041090085990312,0.49594908783437125,0.1401755723386473,-1.2874678078980577,0.2553063180247044,0.023575259857850975,0.29837983223319897,60.14041174211659,1898.9431316276107
152.0,0.0985438170676958,0.27392522768255734,-0.15955754986314097,0.3923064163967305,0.38818539179798073,0.011603647387819962,0.2487756023633963,19.777337735430404,1858.156492322058
153.0,0.16961117160128003,0.26548248540711183,-0.002551246062209689,-1.3472168923839507,0.30377743261744783,0.019648725013837184,0.17126935076058852,44.85034522046066,1889.433859524643
154.0,0.13206356635421573,0.5014521689940986,-0.06577227723238654,-1.7439960290679812,0.2724900902484966,0.01527648449159098,0.3275271184629079,8.5368766117232,1798.9385877316397
155.0,0.08220097274499061,0.06558748509056567,-0.40515070853010116,4.44162815037311,0.2931989594764821,0.017265946310482942,0.15381346538862647,6.549559952099138,1844.3858890208671
156.0,0.0784218275264737,0.15745264986948881,-0.21651856177328044,4.194264470718185,0.25926972779725976,0.021937232053186477,0.1914494968439693,35.285875035427125,1901.2070662294652
157.0,0.07683539417773969,0.1592035825536568,-0.22764896864975182,2.7236633030647006,0.26246574245843846,0.023658227728053344,0.18038670396005946,139.4001261442656,2070.518920209212
158.0,0.09642546860719828,0.7291577478459561,-0.1622383915074821,3.9327696580191462,0.2887861130670897,0.018510838016210073,0.3212222627054936,34.69928379995059,1825.1009949198672
159.0,0.11934945631126459,0.598932550787962,-0.3085586486337477,-3.1943667439625365,0.3372545978563084,0.015268854386095617,0.2937362882719952,2.8399474521697883,1793.2416585720862
160.0,0.07892198548489474,0.1667163946509273,-0.19989400956109526,4.4522337545671995,0.3068037016188079,0.02419788058647651,0.20743724765459498,67.12197642753117,1982.1853565815443
161.0,0.18844261423250439,0.5495771412603159,0.37206092484497133,1.048764157762252,0.4949454321372173,0.01842498686421892,0.3084396871092491,104.4188552055948,2077.114973370389
162.0,0.08245143258919965,0.2567586237935741,-0.145294685419059,-4.546616790148974,0.3253393055424554,0.019632536129175364,0.22729040158000996,42.36453688452212,1993.1269946000539
163.0,0.10429772366999818,0.11677661031407283,-0.23223236829506577,-4.866216868626906,0.25102589506653494,0.024842371646464745,0.21383410420747262,60.416674651525284,2043.559115234656
164.0,0.09448078882170521,0.062378455793230425,-0.44082630408326473,-4.870233480498095,0.30242172167070613,0.011039509436817644,0.17115916363617087,41.496780471946025,1898.0307421047937
165.0,0.14573848221374608,0.671529435072198,-0.28211663889326233,1.7789276977109192,0.3337315931355147,0.01803628773587012,0.22233335837477097,18.1625459976348,1826.8128765148379
166.0,0.14835031767400203,0.3042593703481481,0.023144696003199128,-2.9223930876304216,0.3633805129297998,0.02491884581178779,0.18812612490174177,47.75208818910473,1986.0124206178514
167.0,0.07033493722655573,0.1626984474968276,-0.24873966278527027,1.3444283633509224,0.3324208649675031,0.01981490663507182,0.2046009068098053,60.5414999031796,1968.467765312486
168.0,0.08001623382910228,0.2765217866410003,-0.14979106817473753,4.44690141441336,0.32190219678701304,0.014382765878122044,0.2423141005263888,22.773253808951456,1870.9632032556362
169.0,0.07144332289397223,0.38399802447164777,-0.12340080745186477,-2.9723075716352083,0.34928452867529014,0.01800264127399229,0.28047651959659053,59.75963058107805,1964.2661297367904
170.0,0.16756101444610652,0.6868726381474263,-0.2999443302718473,-2.703406478000608,0.26876829105938005,0.0229642661075745,0.24918637978171537,87.97567038328526,1944.5096320161329
171.0,0.1658547922220287,0.35111515078326033,0.21850635501276283,-1.1254857902392552,0.14660765442495416,0.01908597840454538,0.18390932212591612,60.48938079025698,2151.008729932748
172.0,0.07559160137183182,0.14811900011290402,-0.29032644709489097,-1.7904650233879176,0.3352833787460021,0.017159796989424096,0.15800436114593744,21.22530008342751,1888.9879980348178
173.0,0.07078254541224721,0.25524148673893865,-0.2887131124323741,2.1084517194638632,0.3082595506625696,0.02187310009739114,0.2822635813005162,10.673482049394899,1840.7562261415437
174.0,0.10353090927736451,0.2971380332449407,-0.007390965002084471,-4.399237766646487,0.28286862363737986,0.02543660668522542,0.21566291856280728,67.1585936881054,2050.5001141038424
175.0,0.0748784291325483,0.28646300867576835,-0.16587132780914593,-3.402195733429252,0.34707889267425207,0.020299276434283905,0.2735067844807806,29.361011011665614,1910.2065377166039
176.0,0.10378945980750269,0.666803902701268,-0.2671563355961384,2.85207340080183,0.3434502363371419,0.01049363897189896,0.31748286201154796,57.132997506195395,1901.7165118103778
177.0,0.17577807103198262,0.44300719021449386,0.09574029903033532,-0.9325785961789967,0.4447233800955648,0.01597878740998899,0.2258820158622462,25.314398880624054,1921.3311858152206
178.0,0.14185114644847188,0.6459190539161845,-0.19939632185424813,2.4386603527940123,0.3012878019744047,0.022843877887812024,0.24194928702044177,144.9324323523964,2040.7189557147633
179.0,0.08899955784569832,0.5349436323597864,0.21587632185077932,4.803097022856817,0.24726462483071554,0.021820616763365837,0.25746802500946153,184.97647553615,2139.746944450258
180.0,0.07917142622867987,0.3686439914120607,-0.043358979203502734,-0.06806699416578965,0.41821239569027446,0.0187763265830141,0.24924598544876383,31.906426431896673,1996.5142254181542
181.0,0.08505456298447212,0.4053697247382233,-0.02914751235441304,1.0445696219756817,0.3038254635243933,0.021969218858607406,0.26324315600824294,68.75804659341199,1936.2904809725726
182.0,0.1347544090486962,0.6324653517361939,-0.17599062797435538,2.353967934084676,0.21032485142425084,0.016106112990289148,0.240939151912348,111.23922110030813,2002.7976984504546
183.0,0.1888073246467535,0.36575486914726324,0.31828624280092255,-0.22241660471509106,0.6465285033112469,0.011514784435786782,0.1612257639531955,97.88662750592614,2274.630816565477
184.0,0.09627301140667041,0.21200344829337092,-0.10802208729844542,4.835730000951431,0.3197356316119211,0.025493060957915703,0.2064746173236342,25.826821839283348,1899.4535202855493
185.0,0.11758131270005562,0.23743432540494086,-0.07686517798814807,-1.7640735881432612,0.3414856465556735,0.024186103819005392,0.17517881193117857,21.80024109834501,1889.5541539565215
186.0,0.1732100659868071,0.6450173213544218,-0.2819667456181244,1.5386761316034436,0.3134573098160989,0.019222162506363313,0.22818292905224685,200.02589296164405,2112.3882990231714
187.0,0.08295143779174177,0.37111834597827087,-0.13740633746829767,3.431494999555462,0.33583163699689256,0.019710740877293836,0.29122227540297974,8.624631637517526,1829.2725444767918
188.0,0.07068241452523158,0.3622721739913813,-0.03970681585854441,0.021643159866049366,0.2908606759358885,0.015375813523686204,0.2466756888015534,49.572598739331234,1954.981119821008
189.0,0.09070364396256902,0.3361749184368985,-0.036597890794790366,-2.4306846410873333,0.28255274134110464,0.021146957535582885,0.24754378502283889,55.27407159672401,1986.2293534668709
190.0,0.07278141520333282,0.4502378012878969,-0.040286079128276975,-0.7154285670479471,0.14173187691255462,0.023881260614438193,0.26998065590446163,43.48023869660537,1928.9741783953486
191.0,0.1667930947059158,0.6712706628345192,-0.34739296717290435,-0.5996481543748922,0.31057587114651786,0.018868792150893706,0.2342604877642973,108.34024437915613,1956.530193825841
192.0,0.09213186349019954,0.2388537717091237,-0.14971723511766677,4.297493683384134,0.27775746792928113,0.011404899817940389,0.19356945746255894,80.09942503744942,1960.1683003460778
193.0,0.1423736977362995,0.725131894438092,-0.1971205859259877,-0.7749185640558914,0.36628391819877204,0.017304858601446666,0.2612826572158824,166.39550552388974,2028.4538165767788
194.0,0.1396704548599905,0.33153425842687007,0.05247682906884865,-0.940784653407688,0.40357446933989327,0.02569288229697599,0.248184456232624,27.045140414230453,1970.1679273677294
195.0,0.10874502426857474,0.33954807241126267,0.048604905616985494,-0.430361789491282,0.30825475402833424,0.018391954911806573,0.20985263924922304,91.49985926196595,2052.0504669160387
196.0,0.12271693372983433,0.23326991996083102,-0.03922621236639323,2.2474393584609134,0.2914189550920345,0.019024147207347884,0.16782834108756473,46.7779214243356,1909.0494092793576
197.0,0.14588130442762828,0.592382461195006,-0.1199877347275311,-1.4568618768014057,0.30778720218221367,0.015073468910723566,0.26943239691288484,38.61905493813619,1865.4713274949654
198.0,0.09896483883056248,0.20993790059551998,-0.11089484873576094,-4.720556432340082,0.24212133936562497,0.01645341044682779,0.15258161548543164,74.17585336216005,2051.042810778111
199.0,0.12583153657810925,0.7079348427678923,-0.257733166872518,2.707088790269423,0.30966481820918546,0.019537843933124487,0.2716104871937527,27.062388959743362,1817.4641000796596
200.0,0.16153903003355605,0.5349747748214497,0.29389649721774047,-0.45890589347117927,0.43848746402131433,0.01403586911235913,0.2859794195745869,92.20723409839422,2079.049081243048
201.0,0.16819671131635305,0.6432121036573478,-0.029869710698651408,-2.7764676403844355,0.34400552057925116,0.017517494624981034,0.3094389860973999,23.000976204652336,1831.6513067218552
202.0,0.12102979589966999,0.7754637254700731,-0.2959752667334453,-4.945493261856465,0.22601348993469572,0.02093817956997597,0.30727565765727943,14.592320243021478,1804.9940313629381
203.0,0.07017246851023404,0.3326776873712357,-0.06863924729733428,-0.073227877109584,0.27491730974068807,0.023385154200821483,0.26687527856067794,65.65552875129178,1945.7244040599198
204.0,0.102427710066058,0.6248832742829307,-0.395779495310272,-1.9792067570605987,0.32655425431994667,0.01810818657648605,0.23705689436270322,126.44826120046022,2010.4285800246428
205.0,0.18608425817984506,0.3094783708409571,-0.20821990533259616,-0.49227687750784344,0.27359790833339304,0.023017252638646322,0.15688393112320498,20.807892011017135,1811.2096031309336
206.0,0.12775832550318417,0.32661579900761517,-0.45093749869621313,1.4967660705112318,0.2711149673074795,0.02056591828681864,0.15929983695798983,8.121936470988452,1798.523647590905
207.0,0.17166886096642064,0.6301405755527338,-0.3883635773043109,-2.4591897638933724,0.30270357801822434,0.021654657193994536,0.20988275982235194,65.89390715409195,1904.6966270395862
208.0,0.14232614677904126,0.743425294315237,-0.3258364139375669,-0.7742574278249198,0.2568910423019808,0.014355762155647515,0.2716867127775967,68.34761324759616,1907.1503331330905
209.0,0.07049947927568179,0.14015364119773072,-0.30586039899424855,3.284512740366897,0.2993786514825545,0.020369816331229987,0.19400582614153977,78.95348201422507,1965.728739422584
210.0,0.10810586561664745,0.43994251850623795,-0.22151710514383816,-2.8280985917290673,0.31232621175071396,0.01773762318362945,0.2735518303847409,3.4300408967851843,1793.8317520167013
211.0,0.09065054981204566,0.2650266335877847,-0.1263237621456852,4.995814770267982,0.2950041918285262,0.015521748251504548,0.22859673402605218,4.89079421429383,1834.9735383064428
212.0,0.09616238686607353,0.3569079201464281,-0.10350853597174803,-0.19491359253356433,0.356952531016538,0.019605392960242874,0.2923407719526891,24.440955524761957,1872.2549413642641
213.0,0.07827058916601269,0.2067989488468533,-0.25272584636624895,3.7018201325758007,0.3075128597286685,0.02283678100425716,0.2176958381183305,16.3874521384391,1854.2237812072074
214.0,0.11302991500467445,0.4239026344588387,-0.43716913039580296,-1.4578715071953714,0.31231651516224956,0.025039527312361212,0.15986383565570764,155.91115552203735,2041.5743220787172
215.0,0.12567133121831936,0.18284355116340645,-0.14861029889431787,-3.1297188928694353,0.33962808300584646,0.012293850636402393,0.19061810318208675,25.6524403865063,1888.3907617369086
216.0,0.1595198374398318,0.7019651734752224,-0.365181659532151,-4.603621448000151,0.301538176847556,0.010166456211429264,0.2911008140564688,2.8399474521697887,1793.2416585720862
217.0,0.07124179649909862,0.25385122084195827,-0.18060139637756767,-3.223163897508834,0.34483407279809786,0.02209518124944317,0.23496131560311345,32.92295483082019,1954.1906947023879
218.0,0.09128220823232797,0.17538384403793678,-0.29167933262369805,-2.1182852806028354,0.33662035430983894,0.015308891914462584,0.23078934907585086,69.85751631284184,1953.4666810577198
219.0,0.12641042876911943,0.523001105853652,-0.3254416084495625,3.365997057196087,0.3158077519505411,0.016102926138951208,0.22353762694620796,23.990373640144075,1832.6407041573475
220.0,0.13356465069816337,0.5782074403039721,-0.2101592812183396,-0.05657631249837869,0.31737106088162714,0.022916538045808406,0.2538773247167399,37.60207662201818,1864.4543491788472
221.0,0.07772053483775859,0.2254054435455939,-0.19594759385946559,-3.7560622485187904,0.3153535339144964,0.016341380451590004,0.2857858044753175,13.984882106048437,1852.364036692676
222.0,0.08887811726125372,0.3473286692834714,-0.166074943108234,-4.566967891645501,0.3273098890524504,0.019021135987481244,0.23450239414129814,21.41592656073801,1889.8527338305669
223.0,0.10564507861497799,0.6004033439231823,-0.2534768434136456,-1.0054864333230784,0.22581913774531892,0.02301962088140172,0.25788789663474126,37.35747536933144,1864.2097479261606
224.0,0.1415683365407983,0.2851259030728304,0.030609465289862303,0.07695657298182779,0.32602369281784505,0.025063968230158124,0.21221393114011583,16.569849313090042,1872.6369774505572
225.0,0.11997610463617044,0.4280270752616173,0.13323446009646434,4.393296896902711,0.14568208927811033,0.010974015541061572,0.26922993594837075,29.276070277548875,1897.5404930302063
226.0,0.08519425661745701,0.5260559749433473,0.10804138134371066,1.159319921674472,0.3199573199765007,0.014780396904196533,0.24808521372682216,75.60530717053422,2023.8599107322186
227.0,0.14339354963789358,0.5224869287906364,-0.28322649944776945,-4.413097054182801,0.26918188570454915,0.015667713648354543,0.2709162123583102,56.00714064715643,1901.0142202502057
228.0,0.11070849610468825,0.14410670858660612,-0.31274702984550995,-3.5005152363531886,0.3016678906456163,0.02572831834497047,0.1961544457834996,30.764659440495823,1857.1462317050523
229.0,0.08638179914429613,0.22946826594135022,-0.1905406503039926,-4.060917093018274,0.40294183783727555,0.012735509137755967,0.16883997420326566,46.42973488605995,2012.344378756961
230.0,0.12907458015579484,0.3215246049371323,0.09457974345013231,-2.436182313319195,0.21945301718014099,0.01634446195343399,0.1863800839204193,159.49299404132302,2254.907993698736
301.0,0.16206324157321272,0.2742594060454027,-0.2090190646030906,3.0895367243145513,0.21425061479914587,0.02520575104738556,0.1540260750210209,10.250207006432802,1800.6519181263493
302.0,0.07008374910688023,0.26445835576608745,-0.23996121369791745,-4.943513920509999,0.3912000239321347,0.02374566141595401,0.3461551532540974,40.07821498475162,1973.4133635047504
303.0,0.15483788980858196,0.31023288447508673,-0.3039727643351048,4.777534547603276,0.23693569998028163,0.01579791435741043,0.26912675028332705,7.4842788127846696,1797.885989932701
304.0,0.1765505775155677,0.37355697660309894,0.14275769579183417,-1.9581190205197618,0.19888278509343116,0.017671121901875822,0.35983536036178326,42.016065304817474,1949.1667826829944
305.0,0.15505303777902457,0.5025178600571947,-0.10477873564376972,-4.9933313746183225,0.33018975883467716,0.022605677730991453,0.423316426569735,9.079912178103415,1847.4590667647308
306.0,0.15708902115352757,0.36401909342708955,-0.2867089350137241,-4.983959493669673,0.2673774684787338,0.02291000026168465,0.3045648244578684,31.515465007342307,1840.1657955245455
307.0,0.16878685136296728,0.6719067310351138,0.0110245373964597,-0.3183918056492119,0.3215445901091585,0.01619566968294094,0.4183838924912981,4.257352755906119,1794.6590638758225
308.0,0.16471119673179357,0.6353017028163477,-0.3062569997750434,3.9307795706747015,0.23814478799525385,0.012240411799821011,0.33525413028062695,19.788705582912822,1828.439036100116
309.0,0.168127948409577,0.3333299591899494,-0.1518081798523241,1.9495323012667454,0.3374842886169418,0.019573266224029502,0.3084045872046863,-4.440892098500625e-14,1790.4017111199164
310.0,0.1296649425660324,0.4357057279609492,-0.2271487963657416,-3.6300303436626113,0.28376119909603337,0.017055036315762776,0.30827718205614624,-4.440892098500625e-14,1790.4017111199164
311.0,0.09085569608446843,0.3326390094905226,-0.19810356110973493,-4.837389671932851,0.33143557670494284,0.012320579766091671,0.3421684355670573,34.9073747599503,1855.5552875992246
312.0,0.1704509206241685,0.5795101325814923,-0.14127350007701978,-0.15532633736528523,0.3004598986230622,0.019840120380525322,0.3054302794359076,18.35656283187486,1826.4895156991447
313.0,0.16148647147861026,0.36073984820926325,0.008224015467014123,-3.305129337756396,0.27488503010660725,0.01823265277578832,0.34212697129179687,18.89296338600021,1934.41087057059
314.0,0.14704423046267914,0.3980088309923299,0.08275944652662437,-2.5540671251866387,0.2402673590066886,0.011545050502065883,0.27419852302991937,31.223996100305378,1920.655604100632
315.0,0.17897856844179633,0.654640946901401,-0.198551060998162,-4.134992588974326,0.31643851808638823,0.020426393078828466,0.31820655642127393,67.73525992457532,1906.5379798100698
316.0,0.09060245996767768,0.36234006174726097,-0.06102820554635513,-3.556348730412513,0.26017551088967483,0.0169155827943936,0.36879846105898584,27.26911231945941,1901.491047503147
317.0,0.18350598456026757,0.5238319187404136,-0.0019035624361291026,0.23419472920491513,0.8884726295953947,0.02153164070055572,0.4435965249716359,1698.3086879196067,3813.517419086441
318.0,0.15162723090053765,0.6173650237906588,-0.21819992393986054,1.7707233043530568,0.2760822319899088,0.015441801240301102,0.3349308790890082,25.593566909529684,1834.243897426733
319.0,0.18507895305045724,0.5879661533333134,-0.16354553919963977,-0.36311717697949,0.2702662573226291,0.025129299242195986,0.30220211705948086,19.167579582984956,1827.8179101001879
320.0,0.10035711382612575,0.23898347361369154,-0.0873215239022892,2.677688877583103,0.2581319299076248,0.020270644936043695,0.21782796411471025,40.59469343354087,1902.866181288563
321.0,0.11994453044199456,0.30911604618695965,-0.04979242676815587,2.4921943603401084,0.35941731349813355,0.012319180696498786,0.28261487111088923,12.225826922367586,1820.8761574395708
322.0,0.14192026614226186,0.24136880671660776,-0.05542967344302496,4.618806028936583,0.25198562616024844,0.016883451893564175,0.2090828723026243,19.17291387851466,1857.9756337640092
323.0,0.10976471307146957,0.1894571768495243,-0.19446521885575752,-2.1925536742143796,0.33154114679082936,0.025977453258833876,0.29595278373678024,55.51442837041307,1912.4243536104432
324.0,0.18962923886028318,0.1073110742734098,0.12383858831694128,0.4876855865655627,0.6134805128838317,0.014794397324107776,0.4392950554121842,1471.1210946457304,3492.744748638967
325.0,0.1547623082332596,0.5498569802393487,-0.22427215311434767,-0.2325730145412569,0.32477352702554674,0.022944799024680107,0.4040765602996229,4.051166896713028,1794.4528780166295
326.0,0.13329521856847998,0.4453547210938986,-0.03235636937496311,4.553008452410628,0.28831822489866776,0.020939709042802564,0.3035335233085826,2.6311931706281175,1793.0329042905446
327.0,0.11656968803143607,0.4768955336695668,-0.3089786074365014,-1.9827781388846573,0.3181713143852207,0.017182271584889098,0.2837821797435581,42.42850942612057,1869.2807819829495
328.0,0.07946508255027687,0.5450698903906301,-0.33950839834675184,-2.4801881778074533,0.34057832485313666,0.018854346092439404,0.3441019711220271,24.641791225069394,1833.2921217422725
329.0,0.1279237750072756,0.46760075655721306,-0.22232495873194058,-3.583712760815096,0.3094299957251505,0.02252190572336954,0.2704516597174559,34.51834752534043,1860.899919789897
330.0,0.1252342304222537,0.029452938672182516,-0.4999688849030678,-3.7455175079417415,0.17794263953078082,0.02162058109603637,0.2728140416909911,37.780478599049005,1882.7875582020981
331.0,0.10724593642897509,0.25735159241057376,-0.04895206148904008,4.399299111872099,0.2849773863487939,0.022700780893206807,0.2447175586576056,11.742857020418565,1850.1220116070463
332.0,0.14430353894553855,0.18338613403542453,-0.33456772820371383,-1.4823393746409623,0.2472203911696762,0.019564270656247062,0.20987446995610864,26.62626449163194,1835.2765950088353
333.0,0.10167884316338101,0.2823734256276599,-0.20006044361318487,-3.4094491996114265,0.38702748540578624,0.016612198118863854,0.2703873798080354,11.757793624285933,1871.8025109835608
334.0,0.15898058744570848,0.2563981830935803,0.0346677223352736,3.299134869297088,0.2442832562020274,0.017660644352377946,0.23971489434909252,40.257932711832424,1902.9962540622346
335.0,0.18841149756318704,0.38348288326866947,-0.42743275564158556,-4.89085028840565,0.2565143686723046,0.01500483668805,0.22144635650926392,28.242760292435417,1836.893090809639
336.0,0.14968529939987746,0.47734861454635463,0.0439803245328676,-4.202658706345689,0.10316163735061479,0.016086089867527475,0.34463108416865895,26.627061459625303,1903.8158055706763
337.0,0.17480021453984695,0.5118757038139288,0.010736359329408751,-4.564752228971212,0.2923797437744238,0.017908500948671528,0.39068056999856493,16.794437117492055,1864.608422956994
338.0,0.13749109037107332,0.2036534512359368,-0.06846402843015975,4.541812127344567,0.27440809537564226,0.024468195043165945,0.26762868735339584,25.954381634155148,1874.1443310808397
339.0,0.11881406205452232,0.45771968692870585,0.07646875631657468,1.8417798963710563,0.1624051366373136,0.011531736914991826,0.36786127577245425,37.515560808760334,1882.0990751129425
340.0,0.09114785901300503,0.37495178940712315,-0.4484078586349475,-3.9759057269798115,0.2866293367998163,0.025704907822208828,0.3360815079513927,62.93822715123882,1901.7409470367334
341.0,0.16063092516842306,0.22985501934796204,0.010581468726874599,-2.026214456874929,0.31261880569753564,0.01378743226998577,0.26878176978999074,13.21290162355543,1907.8344008003191
342.0,0.14881186341090452,0.5163626038315228,0.009311939409035519,-4.309332255578539,0.2696000528788256,0.02464160871958559,0.29359355582731483,32.77030815256721,1870.8823415369334
343.0,0.1323347655617619,0.44846381811916763,-0.17839539185599285,-4.914271601253511,0.30723079420251787,0.021744268973122406,0.34085870814452,18.78080883914064,1826.9137617064105
344.0,0.1818698962541912,0.44862078008078127,-0.2657764740214532,-4.2831008082972035,0.18748153900424436,0.017296810239860596,0.3133553796109555,26.02225725999932,1834.1552101272691
345.0,0.08923151719340704,0.20720623241391478,-0.1756929491385293,-3.2443893104867447,0.33911592054201156,0.02079187139589319,0.3168412033961829,11.18723099361696,1888.9631901002451
346.0,0.11358160066018538,0.5362470898693247,0.129426275650651,-0.362743361205618,0.3149220238019901,0.01773916129388767,0.41799385669091504,23.71494477326094,1910.210879673234
347.0,0.1357303405985291,0.5757612230250435,-0.2800847043775019,1.1048391595057694,0.2922442366438358,0.016227142250960707,0.32276325826959407,7.500810471060586,1797.9025215909771
348.0,0.16286014774497512,0.39302428952138513,-0.4444925781405573,2.047651680979371,0.19191956942984856,0.010019838100396953,0.2137859946813293,5.293418896568734,1795.6951300164853
349.0,0.12161273705345924,0.5047713912685363,-0.2601565614253327,-0.21079642447794922,0.35264597507490536,0.022764557832406218,0.31706709754494505,3.252319170555953,1793.6540302904723
350.0,0.17381771019042483,0.6130735772836661,-0.20708324358566532,-0.17874553217516576,0.2816753045616678,0.016941339942899303,0.2763861146560772,20.197673358263632,1828.848003875467
351.0,0.16707092063027779,0.6116814380324509,0.021461214225421354,-3.0606376573031864,0.21917463113174018,0.023155922892982628,0.3929714551012931,29.909070333336523,1856.2906425978929
352.0,0.15057847490361292,0.2810327486760073,-0.2979556205329501,1.4374889389380996,0.29091758452293437,0.019969867619265634,0.2270559760012258,2.425007311435014,1792.8267184313513
353.0,0.16202232750960355,0.5796388020335788,0.0420902435452728,0.10207416869628338,0.3445448769055752,0.01481349345096414,0.42022308573938305,26.678901142036615,1835.3292316592397
354.0,0.1457605491304277,0.5900672810900519,-0.011301690253598062,-2.356757625624933,0.3026290444451487,0.01721151585043073,0.41177971098915667,7.4842788127846624,1797.885989932701
355.0,0.18968167085385237,0.20872868835126457,0.021967087263346396,-3.0404860656927477,0.34215409906293837,0.021671519603149475,0.40823449220755714,214.84054641404106,2215.3692240773394
356.0,0.16167783183756418,0.5304375966219526,-0.06708122930938576,0.24721655628653805,0.2752535121930568,0.012050550670606511,0.27883867763280706,20.16294938386059,1828.8132799010637
357.0,0.07361751571650987,0.25482139645651125,-0.21948932316386904,-4.640608433518435,0.3391163273554507,0.018926237277725157,0.3309605453968966,25.256432978880785,1887.5940665401554
358.0,0.1347884696295137,0.2948425802639688,0.05324726637856814,4.954228257290683,0.2283333566578858,0.014837481623942456,0.2958108726034335,60.125547841734104,1940.551842742976
359.0,0.18728379540954548,0.3809342161742621,0.017832753993656025,-2.6691251497175457,0.42963448003707116,0.013759837446394613,0.31636062153515654,125.4114687772836,2056.1902645283317
360.0,0.15618306101314125,0.5906193934090719,-0.2849118452190461,-3.554741831360484,0.25201291836434647,0.010207943892936772,0.2812097287818598,97.31493187809767,1971.956098865481
361.0,0.12983574828549882,0.1202660695986793,-0.30873878997072957,-2.084842050493525,0.30115148907416733,0.024229423342345454,0.24655032521345915,5.740166749189081,1814.3904972663925
362.0,0.14860344722768226,0.49630074002256397,0.14310504922536538,-2.6044016100830913,0.38513972691540355,0.022394810537410617,0.4466036192142011,50.8944723869733,1983.385100271467
363.0,0.17733139845964851,0.46819712151650034,-0.14785498982210354,-1.2030301453852106,0.23097881640511808,0.021578799085474203,0.26772632332861335,18.172209782109327,1826.8225402993123
364.0,0.09269055605063711,0.2823185439112073,-0.1793542406702171,4.614334033200693,0.28386200871290757,0.011888604052702865,0.3189320921832346,4.540593645458761,1813.190924162662
365.0,0.1670608736262632,0.5854347331722265,0.04883405584817191,-1.8190369185589055,0.9132510126677684,0.014573507568978867,0.4340854793449855,45.605822465344175,2069.081803310685
366.0,0.13085040214469962,0.5427998980785852,0.16612088442167283,-1.5674332994880564,0.14793852504758886,0.017330743139806138,0.44876254671538407,36.05409318497456,1898.3255810399965
367.0,0.09856809017316381,0.48623554453234835,0.09083152776598169,-2.277647477947424,0.2464064782783757,0.023922357695216882,0.38556664228128334,28.731375969183013,1943.8677173911071
368.0,0.07047263888555062,0.3220783226950092,-0.2495880185847874,1.7634282600677487,0.3737283910737488,0.0195974911849694,0.3493733791760945,24.413608423906943,1851.2658809807358
369.0,0.1621305148896387,0.36268442945543783,0.01985114944798383,-3.1896354039220833,0.3450045004255582,0.016041932484488777,0.38239592035645703,34.36169277490298,1962.3942580950104
370.0,0.1408503436876663,0.5712516061321207,0.021239149556932437,-3.1853365485359877,0.34025573197717784,0.019145889617079727,0.3946850876424622,37.920205446173746,1876.0322388305397
371.0,0.18903143951430676,0.35113548734391614,-0.08962905936181942,-0.9151847087621023,0.6021546195969028,0.02353992280956961,0.42289515498626784,199.49148641616975,2097.52186704438
372.0,0.08154450431635761,0.1737792077404145,-0.22730612537658967,-2.6965894921372637,0.1860523952111588,0.013777762229900896,0.3482228633126524,43.73087152346269,1912.1676787932918
373.0,0.1705348617256923,0.4589326980849665,-0.3473411010687606,-2.5208567594281437,0.20767205901798436,0.012522182881569695,0.23672830367113146,44.833534819620674,1871.6858073764497
374.0,0.18276127766814884,0.37439776954356385,0.07264147470599003,-3.267210111966242,0.3186089936149208,0.0163255359941132,0.27338873260076557,58.16164121673384,1974.9429653095979
375.0,0.1897357505601408,0.6422971536562523,0.024083042766422924,-0.2317051007920573,0.1762572940297944,0.017798344091697286,0.3753538697873259,48.2315221563809,1868.8794349956554
376.0,0.1225952779042447,0.07844793526331684,-0.3028245986895519,1.035299452033327,0.2903376085503633,0.022875455749682538,0.1870307003441946,15.523890926326834,1853.3602199950951
377.0,0.18115817578872093,0.6980111508706842,-0.2702355334584967,-2.011325419016812,0.22392552919491404,0.02565643297589826,0.30295900493343014,92.7225192659721,1948.7896474034394
378.0,0.13706910301257094,0.39271528433821146,-0.020432379243075616,2.503023562900981,0.1401015275621802,0.01887954229012524,0.40006668325407474,33.07754268200283,1841.7278731992062
379.0,0.10929480652334603,0.5912002943322605,-0.4449706649167806,-2.8305438044563447,0.3204514692663063,0.025485229311188497,0.31563705285389176,4.0201343414006026,1794.4218454613167
380.0,0.15491396664478396,0.25119863472818504,0.0037301680475101406,2.70084903613647,0.2002190439967224,0.01167495270063661,0.23296119535827656,29.51266109244275,1856.3649336492717
381.0,0.10097068044393029,0.38506441252333456,-0.005173619431694365,-3.470775092326984,0.16342698671006506,0.019679026403967775,0.35027121398984745,21.48818322822122,1877.5553113656886
382.0,0.14760444508870912,0.7678185557193495,-0.1647286173120568,2.9615117687291725,0.2166282764979408,0.01463091280917825,0.3684379082004926,54.628127701631655,1899.635207304681
383.0,0.14042848836133598,0.22484342342581687,-0.33366799458726015,-1.0006718375518742,0.2985066907909546,0.01790585056687954,0.16456497374251988,45.803249169065566,1872.1848214336221
384.0,0.1820971097645658,0.31969025240759574,-0.42061705572979846,-0.4525824317322713,0.23702557720689188,0.022790616553694448,0.21532198157539045,35.51407524415956,1861.895647508716
385.0,0.18094950232133913,0.7396910069456271,-0.09529599799056454,-0.6849618217747183,0.3638215895262782,0.01960143059077545,0.35065723834570817,9.335724337880281,1799.737435457797
386.0,0.18835028160011102,0.22579860832217175,-0.13406764213308509,-4.233313571022716,0.28085686065535276,0.010398453906535394,0.21400032992760376,25.876918265848303,1881.6332488019536
387.0,0.13767284561897902,0.4845435670649962,-0.20089155859965924,0.07908122414936325,0.25166209435763487,0.02413719041768328,0.2804304415081302,4.672292896640872,1795.0740040165572
388.0,0.17345569079928608,0.5685811072872403,-0.08234707595581947,-4.966487803774001,0.3567277570997328,0.017060188697845684,0.29641087416440703,37.9668299037762,1894.8767551438061
389.0,0.13836779009913935,0.4661508516641427,-0.15801337685005046,-4.1002496915759545,0.29902573486919026,0.012919088963001694,0.3617908819309852,1.4199737260848635,1791.8216848460013
390.0,0.12381842980529217,0.4049451688480344,-0.19760517501902142,-4.453663893935844,0.398521568812502,0.010570497861414688,0.3685572196537694,9.592564574072002,1818.2428950912752
391.0,0.11937542788027483,0.5238295914388106,-0.17624870411004534,1.0525816029282287,0.2580890214035605,0.013452088987826225,0.32146564060943916,19.056396519229924,1809.4581076391462
392.0,0.1043636957584993,0.54059155087311,-0.16084913759811215,-0.8961084910580625,0.22636845390471372,0.014473956766048157,0.3464999387604963,25.771896048964955,1834.422226566168
393.0,0.1416447669273111,0.5740892144013009,-0.19079696070854024,4.964362108018127,0.291555154060156,0.0228809701495093,0.3156935884641891,77.24164485994625,1934.1515700999764
394.0,0.16914367609228648,0.32022665998146754,0.040661523507577346,4.402135249735838,0.184250929994755,0.02234577253280602,0.26023259406629334,19.967665383955865,1828.1006182512256
395.0,0.1348526827009592,0.20341471857611726,-0.24834735310222533,4.9600344308416595,0.3026810838027407,0.012810127038818224,0.23353230546424303,20.984850047239046,1829.6351805644422
396.0,0.14733414071783166,0.25868928409535313,-0.06888841986231153,2.4768719827007146,0.23679902022861277,0.02178101018003919,0.25676004691418103,32.34243643069964,1840.4753892979695
397.0,0.1898741290770202,0.4377536481884254,0.26105131317052765,-0.01155097186946119,0.5082540229855315,0.01577893126008024,0.40470269830008043,165.46331446274576,2136.962405571388
398.0,0.11229495083255708,0.41958344995644853,-0.27301830617153555,1.4922185891381134,0.2826472498668344,0.015900181880857386,0.2926584180979138,39.42901087074681,1866.281283427576
399.0,0.15553121302187722,0.3499042887065255,-0.2598159614558273,4.607711393133532,0.27178879668460754,0.02223765845166631,0.21046620991649592,35.514075244159564,1861.8956475087161
400.0,0.18040567227976118,0.7089339850750329,0.14166176309664946,-2.311017288882333,0.5189340987465701,0.01235424437837063,0.39198357157684877,54.397609383401615,1944.4620152232553
401.0,0.11303520614825453,0.31875853180401253,-0.09766490934284622,-4.822090699562516,0.35104222217826764,0.010986793990164691,0.3241298310538004,27.615435102226872,1947.1774551137855
402.0,0.18997659899290675,0.3585496023624324,0.10588719961795312,-0.9997810443378002,0.6072439561401077,0.018232098896692934,0.3981357353905236,878.7323934935285,3025.336252193424
403.0,0.14585789545051026,0.5063097796151289,-0.045401648900247005,-4.957548095815076,0.27913836995648555,0.010779123186744625,0.29659134390336483,29.493150136218897,1897.7575728888764
404.0,0.1870384551490695,0.5898635523159771,0.06665187585998589,0.34748905687834175,0.8926155059133762,0.023684891090887096,0.43131688693267717,43.42489338511779,2091.2589875160998
405.0,0.15506574996333017,0.46868852231635066,0.06035994571216974,2.5713463729614006,0.2738384292771028,0.024948020954757386,0.26398856624403494,18.356562831874864,1826.4895156991445
406.0,0.11004942146103286,0.33609404257370545,-0.11500779683705098,-3.934602504117888,0.3550200342656109,0.022131149199369548,0.37306582375313235,39.38845634030292,1895.9224179731502
407.0,0.15195770886196458,0.6236283898978376,-0.08217166995949288,-1.4626895630854246,0.15472444111676076,0.018699855594641726,0.3970578694095504,44.79214751394653,1871.173719778503
408.0,0.17716959392572076,0.549960995563637,-0.04793021670181996,-3.1773895039023197,0.2021007264022514,0.024029414030204317,0.3705067815751155,18.1625459976348,1826.8128765148379
409.0,0.11698636211067741,0.40863105352949763,-0.2189978043593407,-0.8159126259203087,0.3041025465564342,0.01918181806243319,0.3068743263219485,19.582519723719695,1828.2328502409227
410.0,0.14875834742192795,0.5611190860844077,0.014988972442178117,-4.212525193084879,0.29085450335560425,0.018288150698641086,0.37140069337662607,36.70943717090313,1893.2433988037508
411.0,0.09361224305108495,0.47885824743129096,-0.2057327917258548,-1.7036826917900676,0.36792630834483897,0.017937428795017994,0.2761781931980745,63.8528074280792,1902.6555273135734
412.0,0.1772964703100171,0.5455067133445476,-0.03071643065907681,-3.282597546734727,0.2799584031064526,0.0238004947233076,0.3748595048772986,23.205563033649145,1831.338515900919
413.0,0.1434069570007154,0.24472148700180107,-0.11095929405968652,4.97958705256167,0.2643357385510887,0.014677555273073326,0.29922688319635393,9.7341328203391,1800.1358439402554
414.0,0.15378089778105578,0.26941977953653967,-0.012081338521601648,-3.2703886109351576,0.26298132687298836,0.024299222337641917,0.2916949064545194,47.4475433835836,1962.091692444784
415.0,0.17427271374744321,0.5490606330103182,-0.035851955162831795,-3.2575526593231134,0.4664237329325669,0.013110911621705398,0.3747390877207335,26.682321801839343,1871.2658361060217
416.0,0.1820410427283426,0.5598651057456489,-0.05413502794069747,-4.753074973018172,0.3433682063407699,0.016386672089941236,0.33275199833240343,37.542493420936346,1863.924065685493
417.0,0.18977174660481708,0.48169257491773304,-0.03342740405156974,-3.585064724145002,0.34628617656572414,0.018285620467598927,0.30791159407312313,26.69544615588487,1853.547718712714
418.0,0.13543230797773778,0.5266485127240477,-0.0006701982684060859,-4.402654457590786,0.28679893239138154,0.023044017530868464,0.333392127531988,46.554989425895556,1931.912148991971
419.0,0.1872413738599611,0.5729598464730895,-0.035644943963189624,-4.479825410519508,0.3816383583235019,0.025555896927392217,0.4233588087520065,5.34490742980269,1835.4276515219517
420.0,0.1496382421960885,0.38167587173226497,0.04291822553809621,3.460068478088185,0.2923032001331962,0.024765167169417863,0.3957730930663881,60.90867365679223,1904.9782194721884
421.0,0.1407673373849086,0.37652329133976414,0.0920962665292615,0.7030119655054312,0.2944597682993586,0.02250061816000204,0.3842279339500573,10.329218633111156,1854.398764448507
422.0,0.14554154541690234,0.42067751512792945,-0.05956466683552686,-4.849880225529344,0.25256649364780737,0.019850438299188148,0.31722469757728866,34.66156389024596,1902.925986642903
423.0,0.18964733039810355,0.318373631681745,0.2700529501868727,1.6959093681367965,0.8510736433553814,0.015399259543710046,0.44499109546740145,1727.24466347431,3973.394308186916
424.0,0.16252151368452813,0.7377389757589162,-0.13286423749148535,2.2194070895518547,0.3196830890226261,0.011449295583246703,0.3442317985788303,40.55362515526849,1866.935197419825
425.0,0.16452044132455923,0.6938629384320067,-0.16638369071966508,2.247740426494439,0.20004800384951915,0.02113811692012472,0.39099863294615644,24.446806751674323,1833.0971372688773
426.0,0.09567728480074658,0.10781199940579111,-0.4024245345522345,-1.3159737651046703,0.2992606922440202,0.022842003894479393,0.18886484834193665,59.587617499693906,1922.3259388500965
427.0,0.18950972155446816,0.3814754081462503,-0.02873946226189239,-1.5770628705689642,0.3999569128016284,0.018959961583183017,0.2816705359152562,42.226625516297624,1880.6057801029253
428.0,0.1481430505538566,0.29832461450397013,-0.2985994440843407,4.555536078946696,0.25697341548748986,0.017212604557597176,0.2746512326716521,7.927180489545458,1798.3288916094618
430.0,0.18180181759162922,0.4744359975800842,0.03296663334323413,0.29816376017001267,0.31041520616924867,0.019268263293474912,0.36513991296384457,27.36573197001318,1836.0160624872162
431.0,0.18764925060478876,0.20490200353300458,-0.15445766135564853,-4.685223946392188,0.2838266989984053,0.02337518948055414,0.27262863736422077,36.86675977626706,1967.0149680858724
432.0,0.12774409037635884,0.5175212567393355,0.0038435095543138953,-3.526982736999713,0.31476197015230944,0.02597491019398161,0.37237987940325906,35.82248916315045,1922.7384810876865
433.0,0.1175019219672363,0.6257537163682135,-0.3732232612175569,0.6871306931658039,0.38351568508012146,0.019437777808696984,0.3241137660396863,47.203435633809356,1867.8513484730838
434.0,0.12129957471200335,0.3630332945434232,-0.017588516669489795,1.1657280399814596,0.27779407923657784,0.019385162218704694,0.3177236570141313,10.241512614057712,1818.8918431312609
435.0,0.16683761849282228,0.6253081744756942,0.0028791134194041668,-3.8089902172172643,0.40069698143310184,0.022831956753993264,0.36208764813550176,33.955950159427005,1902.7647367294269
436.0,0.1273599461660402,0.17643693707685604,-0.10938506084119914,3.662139805663055,0.25470956529880495,0.010963794188860253,0.20499651246216735,20.072372945112733,1868.2623223917974
437.0,0.13931632708004926,0.47599095411701786,-0.1591750605449479,-2.984077831735065,0.19610718291968787,0.018347606336913635,0.44645533595801423,44.03346031193833,1864.6813731512127
438.0,0.11310351305993452,0.32562057745012357,-0.11613330572741698,-3.7356575594545482,0.3974049116271181,0.019004179074682864,0.2834771346398226,20.576727745647165,1916.363251108014
439.0,0.15379096194687597,0.2655187213150545,-0.04890115601696088,-4.069291611830851,0.29301402222241,0.02318032008482124,0.28495304904944196,45.39641541160947,1937.7255559498324
440.0,0.08461008128437959,0.31314804869354207,-0.13351120995159937,2.4942986344550953,0.30812120020399414,0.012455262440463664,0.26941860276801294,36.772356826991896,1893.682282067022
441.0,0.11633314477547481,0.4323124648319818,0.11624746007784248,3.3605596211854607,0.10661946997271343,0.015246739862953211,0.337441332277952,29.58899268001193,1873.658538495408
442.0,0.1287788444354619,0.4303972918307928,0.11629293003480146,-0.8268125614551108,0.2833905267322565,0.01654901808533955,0.38965700792725905,51.908565462777645,1961.8820031527403
443.0,0.1898773640332403,0.4064348558599597,-0.09211111811059625,-4.490442480559215,0.33967980710863954,0.01585014527385774,0.29438919991994683,13.626174689548554,1822.2765052067518
444.0,0.15904658427710736,0.4784025687160501,0.1784315811421764,-0.6866787565012161,0.2968634181199903,0.022831526501416427,0.4332856970171781,32.659345903948804,1871.4620657894432
445.0,0.09888440872983473,0.24991937605492676,-0.21963763733305108,3.2556780992964605,0.11179240097438026,0.011003691815302469,0.2908171671768582,28.287442021117776,1836.9377725383208
446.0,0.17922063728437157,0.33335401706149276,-0.1398694752538192,4.30231482125404,0.15364891191031327,0.024035048789741765,0.2704649571365278,18.162545997634794,1826.812876514838
447.0,0.16359814819098792,0.6135540175163442,0.07824584131145462,4.777921300454531,0.3031505876238796,0.01776094479180347,0.37540654757974995,39.370431383989825,1866.2227039408187
448.0,0.12444543698831333,0.27666963453451093,-0.13371285553028311,-4.172723418196224,0.3535828625387536,0.02391577088895565,0.32168751804090473,40.1975263654704,1902.9358477158723
449.0,0.1340665703332175,0.6425235296770064,-0.28049609055098845,1.611659203414002,0.3057239770845337,0.015115629585607398,0.3129897203699152,56.62068041022353,1894.1283915490421
450.0,0.17402666064735403,0.5934484512037912,-0.17508502895501432,4.7555754780387405,0.2232553560451731,0.011580919615242189,0.23652815558636542,111.6823109898561,1977.603502183894
451.0,0.1487736235740574,0.5838232947950721,-0.1279808229877808,-0.625042833761566,0.352397137322048,0.020830515272240037,0.336433661034234,5.677326481991026,1796.0790376019074
452.0,0.1617313269361304,0.51627893680661,0.21559246488460593,1.1124120280295502,0.36649470413099616,0.013659702634045236,0.44404213614963484,32.53408093762555,1859.3863534944544
453.0,0.11350386775540991,0.3345590348582295,-0.1363822467222795,2.987554431352617,0.2428038451489205,0.011727387866508154,0.37738786864539353,2.425007311435014,1792.8267184313513
455.0,0.10721110318910772,0.4359579325011364,-0.21264570302117458,-4.716212600749483,0.3066110654077867,0.015966542294744337,0.3873496972280547,11.701213287830146,1802.1029244077467
456.0,0.1618499662256439,0.47280604795036735,-0.03614049738005842,-4.9089356492267715,0.28929485848108794,0.018651939337900138,0.41413912958931953,23.457572145481176,1853.5403162376297
457.0,0.18770296548084034,0.4105162965737385,0.1277067012431452,-0.9077319876545542,0.4026532448848752,0.01996596367247831,0.3692391324530936,109.51056180916129,1987.1622141230082
458.0,0.18680552027358394,0.45322801585455985,-0.12339626108105828,-4.977375806717756,0.3359480195949027,0.0186917323572549,0.3925609523901612,18.257046196135008,1808.6587573160514
459.0,0.14964790590147245,0.610048496428574,-0.2248178074339332,0.734670783696082,0.285982671503221,0.023133069676406718,0.34706111187919547,5.0872330373756185,1795.4889441572923
460.0,0.1189422093289692,0.5535455723433359,-0.39814355688152103,0.74269630773934,0.35050040109579705,0.0173994986770024,0.346601781932996,73.76654269491516,1936.8808276525003
