id,alpha,beta,eta,eta_r,sd_0_sd_r_ratio,tau,X^2,bic
101.0,0.12383616841491606,0.6188095593475114,-0.2872206947156889,3.608953840043274,17.946671728033586,0.22981591285541897,141.26050980514665,2039.7549741462174
102.0,0.17151329916273683,0.4870466052178469,0.11651193015876293,-0.9129241275414035,19.331565239644167,0.378411223031611,31.07476356947622,1852.405575208443
103.0,0.11944602190377329,0.33611898886572544,0.20844041932320945,4.94499201915059,12.67403618068667,0.23540378807770665,77.35642305303126,2034.1673886604135
104.0,0.13487559187034442,0.21196752333390934,-0.24754761407965187,-3.4860471948560097,0.29059982136451623,0.18621636297195798,10.343028762934166,1825.4694806843463
105.0,0.18104832687871208,0.6060061909091689,-0.31675325822853095,-3.1426901016774336,15.0758030214229,0.22962855230712267,34.38102975117905,1855.711841390146
106.0,0.168439198919516,0.4942065745944459,-0.14855917364773652,-4.388025843736844,17.571623354857508,0.233437681726006,48.086768832290716,1929.0612428144022
107.0,0.07037066468211127,0.5378779827970442,0.0765198542132246,-4.083095638437476,16.39791062716992,0.32923688559601966,83.16344873283464,1981.8258962657853
108.0,0.13293826443437293,0.4864742413308241,0.16091211987213438,-0.025195237647540614,29.76182854597794,0.30121088327092255,77.91087183125768,2061.329556406261
109.0,0.18416903209273905,0.45055017076867415,0.10860780277060811,-1.2432441480135592,22.549665351849335,0.31792072836024066,94.45635324605561,2002.6649238605487
110.0,0.0707587316790622,0.08273015992987376,-0.37657090746857513,-2.4161178713121245,14.435552483191486,0.17811748624815033,50.93446335319296,1995.0460082104585
111.0,0.12275154287615668,0.5814798817722355,-0.4593513064432667,-4.989762046067916,18.345404571661977,0.22918361296931733,23.019977407867884,1826.1488470072086
112.0,0.08975761285259944,0.3063866636579403,0.03673431833410312,-3.3295507377905373,16.78992108868794,0.21210869360125753,63.98356053028941,2045.5703417925174
113.0,0.09242793385940354,0.1361864798729744,-0.2906299738825474,-1.310449088341206,14.651298126867474,0.2195321101745521,18.284792518675367,1863.4688971232888
114.0,0.1124955187058315,0.7536856407457891,-0.22291631286710778,2.755199558359255,18.30863429142579,0.2715351117284788,128.37740983341763,1967.183018221091
115.0,0.09933074437931982,0.7016108518137202,-0.026658600162738688,-0.6292242833894257,2.484053847920663,0.3212745088869927,74.11098744722895,1936.8539492820244
116.0,0.09673748388307568,0.25485614750377317,-0.37754226156227244,-0.008631639528424717,10.860454033052157,0.21084800719457847,43.167657722130585,1857.5096107913475
117.0,0.08730184576203925,0.5104573104457604,0.17061359110985674,1.6453579514054328,4.664175733006658,0.35010458089252605,27.073282091570555,1938.3331452665732
118.0,0.16884823347439848,0.533428689526832,-0.13120903527342398,-3.758497628535407,17.476417782148012,0.1953704366364215,85.24037677780709,1969.5313430769872
119.0,0.14507706631867676,0.3846307968667774,-0.49996512434659834,-4.545906051990501,13.28180297827754,0.16566922955231975,5.2535248858547465,1790.1337750879088
120.0,0.14296273258774253,0.5406962900818861,-0.18142083853630975,-4.786963595526835,17.530847933496375,0.27812457422784925,25.786297455109334,1865.2719161402963
121.0,0.14576360668442315,0.3869849951683767,-0.13316293393003775,-3.843762288564192,15.947269409857405,0.2146067067268822,29.459775653787073,1919.2342642015117
122.0,0.1621752745747745,0.6828441076893899,-0.2106183204383042,-0.27420856612376143,13.527878772039827,0.23751302870363475,89.66751316076477,1934.8516177653783
123.0,0.07285787501074219,0.3001209010815811,-0.13517074915986893,-1.5262616575501164,22.022036222816194,0.22598390366462234,47.05686973657016,1960.4152541088433
124.0,0.07114808556910607,0.30352124541820624,-0.07849547872002638,1.0552519194370158,9.365247087875389,0.2718487641663132,44.878341071300504,1925.7285082606315
125.0,0.10845550793563835,0.4116007101184124,0.17964152562086833,4.815226787693899,12.808335758060338,0.24201719022055962,32.570097356618746,1911.0289552629392
126.0,0.08680642950432363,0.3719833325587779,0.052990098324771306,0.6760512427521059,9.547190747360581,0.32392036640922023,29.077228031990437,1849.9373393786846
127.0,0.09212582967426056,0.15586499991127034,-0.2220724581628093,3.307193677529537,14.817831515748914,0.21442098113206506,25.734165961998144,1893.839403490402
128.0,0.13401777866854775,0.45678739791603185,-0.274880190970617,2.3680686815938587,14.651209850073414,0.15944631801139078,20.393820519547482,1823.005312468955
129.0,0.15815577620851112,0.7267476089500189,-0.18987238053803268,-2.8753988392424716,15.817759877589737,0.27848823719005716,3.6362267559782775,1788.5164769580326
130.0,0.09652243052109555,0.0877699033734215,-0.39718013628294435,1.7654670169481845,13.111381528362358,0.16919603515980605,31.10780827684744,1852.4386199158141
131.0,0.183888896346162,0.4385816073908746,0.48071362646210924,4.284064201884533,1.8167633558379492,0.15515393377661196,448.33125229611784,2506.882076913635
133.0,0.0934658556672488,0.18365428878863121,-0.15301952374380934,3.513361504359014,7.051447239764421,0.1944921262776923,15.912826358727086,1848.7705200274927
134.0,0.16315854680773914,0.5724525508765482,-0.2857008281534472,0.5243542511835542,14.65246095837417,0.20116444522109478,26.268846318764847,1829.3977159181059
135.0,0.142857954472127,0.36288734568097203,-0.17103527383346262,-2.483481980108656,15.714620150154147,0.2155081865447022,32.62083008560303,1875.2893186144256
136.0,0.1449615496133825,0.5029771464928946,-0.399977174054438,0.07440922686581919,11.901486052274059,0.2567221951132358,1.0050335853501102,1785.8852837874042
137.0,0.1461388770388088,0.6174881939717219,-0.15073010600799985,-4.090632867551461,18.877962976693258,0.27458310461812035,33.053785619314404,1817.9340358213688
138.0,0.17579700052623282,0.46867434830522803,-0.14702892919137656,0.7347302422710067,10.896391442656864,0.2237169682700783,56.74436946113629,1895.8064228474564
139.0,0.16916619860208565,0.35087863573518013,0.20380910206034786,-1.323646593329657,14.919102772413865,0.24419698659051164,19.114373744724478,2164.3160966947853
140.0,0.17300437708066385,0.5065613201664008,-0.3181046829796361,4.034513988996995,14.167376943077421,0.1706000334607964,60.909096852362666,1894.1903558199951
141.0,0.07294774666126375,0.3308272499920024,-0.13048160102904838,-4.643945085172839,23.792959922294642,0.24223299274865778,100.38297433689496,2136.821340489055
142.0,0.18520712037295375,0.6472157068682025,-0.31562594385234344,1.5364808231479488,18.945580303441446,0.24707933113010033,148.44908171717924,2005.2652543605916
143.0,0.13809211269331312,0.3080651683183584,-0.06966158112180942,-3.086339097201727,10.376048900889117,0.25211381164967345,26.628621804982345,1876.8634914232252
144.0,0.12852073992631363,0.29439226655306255,-0.3128877079930146,2.7633845128344294,14.292806410844172,0.19091116390512686,39.1955178245136,1860.5263294634804
145.0,0.1881542570119792,0.5945872332291937,-0.3632721299632511,3.884392077012906,13.960067508842151,0.15074125956587436,216.87696014101655,2108.6876376298137
146.0,0.17435352805965715,0.30371646326118473,0.12727911267643544,-2.363985702811022,5.784370233949957,0.25263720310264237,49.31503821403484,2068.80457347699
147.0,0.1894969069410666,0.6239366224156927,0.07040003606483092,-1.7051223639235764,30.66719559045804,0.31716682164496646,243.02504489471136,2261.6324126882732
148.0,0.1750109796634976,0.49397034435819964,-0.4094262668444918,0.6195777780948986,15.488347416315328,0.1914826093751757,21.38954823836662,1824.0010401877742
149.0,0.10855577246749565,0.5848164689109734,-0.08944122970731427,-2.75171338989281,16.71687136548718,0.2539541353142018,120.9612916625401,1999.4201495688603
150.0,0.0774403812125741,0.09466262789010355,-0.3453226868795134,1.3112007386404811,15.87097002036009,0.16134117001996126,27.946919976194952,1872.2266516901395
151.0,0.1896170155062873,0.6470386976557616,-0.10292056538492678,-3.4448304147837727,16.665779377000817,0.2638694591943191,49.45924673548717,1882.7405057031197
152.0,0.12406046679635695,0.17198104257705937,-0.2529454864808598,-1.2626747737218973,15.404228333203292,0.18772553336912745,9.340303480385673,1842.197997149151
153.0,0.18465133592598137,0.464448323503706,0.16854914835467838,-0.23218255468737903,17.37873096452565,0.27535630880070283,19.426269628136392,1858.4883230144565
154.0,0.18886357429759698,0.6963556102572019,-0.022677718660991664,0.8263562533478008,15.896070396979113,0.35053717738945245,4.641260341328444,1789.5215105433829
155.0,0.07709139135436863,0.626319424740949,-0.29201213903874146,-1.043163592540663,18.228005738605702,0.2942073975260247,131.3567902178946,1963.6716583688003
156.0,0.08478692965340395,0.3049358617929855,-0.0067876268330928635,1.1821548776842028,10.542017077425584,0.25078881928911473,49.78597368691321,1910.185703963089
157.0,0.07741404273420677,0.44961245776179914,0.08657686936371278,0.40500040823573946,11.834846144059817,0.25599975707070793,129.2721337936548,2054.8694669407387
158.0,0.1074963186835711,0.6035657589470341,-0.3023782021027204,-4.697516777118786,15.675346678727635,0.2805622711176737,9.335724337880247,1794.2159745399345
159.0,0.15936180043208759,0.7979457846556589,0.05617790602205219,4.834780982026556,12.850201814614309,0.3541958592400966,4.051166896713051,1788.931417098767
160.0,0.09120140294077249,0.12625011441935985,-0.18997079271046324,1.4571157589484018,14.438771734011972,0.18350502338194039,47.43352005290458,1956.9754392890552
161.0,0.11925742401649778,0.4793251124631007,0.14440019053651043,0.20715766969277905,21.610064850780258,0.29588755748779444,121.5380160524025,2088.7126732993347
162.0,0.07017677965167125,0.360911586813278,-0.019833703647850753,-1.370847641222177,21.736895761051073,0.2673804014983629,41.36379419241232,1986.6047909900817
163.0,0.15768687507963444,0.3500268479314521,0.200852651030901,-2.1960149468688153,13.955637874104617,0.2645974615964045,98.60748883243558,2076.228468497704
164.0,0.18191473231254218,0.7535054998458988,-0.10918026793103541,-2.6002359382700035,15.86157355227752,0.31116119596175057,88.95132657938964,1939.9638272943755
165.0,0.12889180609562068,0.719199434752283,-0.2579014888662773,2.599301696837438,19.20904944386822,0.25038870586261414,22.198076744489434,1825.3269463438303
166.0,0.18585909366916792,0.36853988911320323,-0.08425400104373515,-3.292462106487035,14.32919287605003,0.167064395615674,74.10503010178708,2006.8439016126717
167.0,0.0700031332716682,0.3007865344417781,-0.06948412818021299,-1.7109571526514227,20.759299027081838,0.25095541033271956,64.45520633475815,1966.8600108262026
168.0,0.184956310749849,0.7764979726665177,-0.06725818154460905,3.9661489986023324,20.314921004841736,0.2853063541382596,93.7731033208094,1936.4415918496325
169.0,0.10643291974923852,0.3955052332886667,-0.21109620817998265,-4.884109271097363,18.176587321419337,0.22485441884003232,40.60316738646475,1939.588205624315
170.0,0.12275789010747791,0.542861537810109,-0.15010255067128853,-3.8261576052876474,14.347987911255593,0.2545981885622326,50.20041580240044,1901.2129165173862
171.0,0.16947216682180277,0.3344424596414241,0.3144148289992681,0.2075951025871392,15.799494917169838,0.20945038284466327,116.63633327216202,2201.6342214967904
172.0,0.08225407659531841,0.5096424552777884,0.12123095277915175,4.926058458744279,11.01868329411424,0.24898739333980793,61.03238265414738,1923.273619687675
173.0,0.14907720496865817,0.5530626104258535,-0.4350633449332211,-4.009221644102123,16.334655963331116,0.23968255864692506,73.5037546668294,1898.0650378411162
174.0,0.08734059624333956,0.2689860584488944,0.03446078482512349,-0.9396051146784201,2.183435765425976,0.24653834166138827,69.33280326934057,2047.1528627672158
175.0,0.13262926232067704,0.662851916941532,0.06257625857507665,1.5883912403322897,14.82666271261646,0.31212215877795235,61.15335856375274,1936.4774243508289
176.0,0.08580551337560234,0.5652899717179484,-0.28714907108759014,-4.715283516493291,18.965961064327285,0.31300276965171825,42.8010787114866,1881.8631320978066
177.0,0.1703001060709637,0.4221392483888041,0.10289015550053926,-1.0666098367579786,22.506840275782714,0.24218161338019237,38.727857806633956,1929.2231838233686
178.0,0.08352961131477354,0.30472397311063726,-0.05060171683396997,-0.34768424251557517,12.386387182378378,0.25160305346441336,59.22579353381482,1949.4908559783196
179.0,0.07342344795390572,0.4762391239704114,0.04495896537967492,-1.1089359492530266,15.787882906737671,0.24252133417069827,137.02050857783377,2086.2695165740797
180.0,0.07139004664147136,0.33869026928590407,-0.0370562109507272,0.1874319077699027,23.698318011039703,0.2589017067489258,36.37008032026964,1995.456418388665
181.0,0.08370028507239488,0.31632052419193996,-0.046757330326240854,4.778564213056407,14.08210087294922,0.2590042992005089,103.02923543360467,1965.040208894903
182.0,0.1682801146790841,0.570080277333238,-0.32756334058634595,-4.763994444897813,1.3998134008117091,0.17997249943818483,108.07840236225707,1994.1154187945415
183.0,0.18885241625372295,0.3470233381271922,0.34635841931990385,0.9938369506452194,21.06106681395774,0.16399754935814623,79.16318474139254,2250.385912883082
184.0,0.1132811396641216,0.10830999197822394,-0.28843431238632444,-0.9683063885685467,13.773272351473807,0.1647142508601888,22.683847458104058,1890.7890849865078
185.0,0.13990710319066077,0.46501348343786036,0.13497754381216298,1.7652797564380585,2.020819706438566,0.25361933256738173,23.60878090645989,1885.8412328467743
186.0,0.07014348921465671,0.44058868769772036,0.11781882407204258,3.695089071376334,1.7531920271987076,0.3201299912919876,75.07324511542666,1981.9141902590923
187.0,0.1452773866507909,0.5953301507727052,-0.24932044445380785,-3.6979620144688514,19.178402248751564,0.2636641437693037,48.868010612580996,1863.9944625339933
188.0,0.07900002762729727,0.09140158338685234,-0.3142282834792648,4.7008089768341215,14.573363165919453,0.15430432904660862,32.936652032658735,1932.8237121964735
189.0,0.08572930471335405,0.5067133815512331,0.12447862370887064,1.5987668691003964,16.957494124566914,0.28761239654965576,44.2904843967605,1969.724305349045
190.0,0.07073436865707797,0.44574455745688146,0.13180763249917016,4.392828125855993,0.738537851544848,0.28063218786335525,45.611210721334736,1925.583689502216
191.0,0.1567040289842836,0.7066839141014434,-0.0989330291770033,-3.578618565738571,15.847345718279584,0.2859179758294626,114.04882137889692,1956.7173099077197
192.0,0.10487443184626427,0.1048704370137209,-0.20063106253027874,2.588795248467184,12.655002544639196,0.15451939897598643,70.30825405190704,1944.8556684426728
193.0,0.08523288956095379,0.12126637951744684,-0.2717912853489556,2.6673831908838785,15.957334518220563,0.17084165104772076,24.328193813295456,1880.8650439483224
194.0,0.13086949358683475,0.22760790659547547,-0.20324262725379594,-3.793236283658789,19.336754564165712,0.19817357584327494,65.28428496426552,2002.8856109999024
195.0,0.12414135462126427,0.3443694518454081,0.1977001838968735,1.3374596839941333,17.88938515575736,0.23176931090725506,112.27020191266952,2067.29934864888
196.0,0.14369492763752864,0.256369049503,-0.13560248882400805,-3.2568748133426775,2.0150516863798345,0.1673446881880184,32.997585756674674,1889.7476126938343
197.0,0.1607948340626547,0.5824231536741575,-0.18830629681068511,-4.301772160035751,16.807132145194046,0.24806396341634798,22.865827574637112,1844.196639213604
198.0,0.07132428668807952,0.41978567577340875,0.08585175594140759,1.2507619658266689,13.90761315850245,0.24503905228761425,34.70925691929413,2006.0547534173825
199.0,0.17747090296886367,0.8157195913142752,0.037654237163706084,4.073429802151956,12.692546505885524,0.2978025998897272,21.912875629675685,1806.7931258317299
200.0,0.15875859180829593,0.43190659967639683,0.07545015566374569,-4.958914113826127,17.183044855820704,0.22569979245843352,42.03714978831657,2023.3575360151078
201.0,0.18090815181891723,0.5478424213274968,-0.08284375849199777,1.4877363874230665,14.531578461447545,0.2507345772401009,19.592183508194232,1822.721053107535
202.0,0.10995328280955109,0.4980844672586252,-0.45952676010760696,0.21205822029719323,11.358086912713652,0.2329164321259404,9.319192679604331,1794.1994428816583
203.0,0.07212032657976358,0.5351653762183366,0.10218474560790614,4.825859503579506,5.844506527189097,0.2957290356814293,87.19995587473784,1961.7473702655038
204.0,0.1706793106906254,0.6021394786667058,-0.3929800642772765,4.81398129015904,15.49127872643978,0.1638661513132254,122.45897995423809,2000.9178378605584
205.0,0.15710436038944575,0.5949908652851407,0.05635164799785741,4.629962179860709,7.081083498656518,0.3481487263135483,52.151154172704274,1837.0314043747587
206.0,0.12173974914340974,0.30250166690029395,-0.460050425795261,-0.36091490047469255,14.682048594673496,0.1743369836247842,4.257352755906107,1789.1376029579603
207.0,0.18628374249846127,0.76774138806808,-0.2542838621770098,-4.843688203832503,15.787641094756957,0.2776779374272744,66.28154484991268,1899.562803817545
208.0,0.10639731472721381,0.6964018278875128,-0.10397043898929947,1.678785382882373,0.07839396372308016,0.2920421542989486,60.8911797562109,1894.1724387238435
209.0,0.07348901483203954,0.5381273975289651,0.11636059604522764,-1.2921886693364342,23.52172748622002,0.2928670826949563,59.44541770825641,1940.6992141987537
210.0,0.14649390395198522,0.556321873561702,-0.21429514587157283,-3.5275204866548227,17.225863328408344,0.26800771937915696,3.046133311362872,1787.9263835134172
211.0,0.10308930964607949,0.14649408593484486,-0.15454217887056643,-0.32643359475494405,13.664770869095513,0.19852201541088788,42.54265475731293,1867.1039379315998
212.0,0.14160994048792122,0.36421535383218273,-0.08714734830613546,-1.3500385539635607,15.540290104143196,0.25070685328461884,4.973351722224332,1847.2658766438642
213.0,0.16023092434088054,0.4243995031923133,-0.2451480300573745,3.041024860195398,13.902227632521083,0.15089228341796163,101.48476636891085,1933.7996345198164
214.0,0.1332600175153676,0.788334696966082,-0.23737465629118415,-3.4418544918083596,17.85536408732945,0.2752268474528078,166.8924336375852,2047.0341392764028
215.0,0.16373091314984764,0.5533689152998099,0.12413182639986098,-0.22218338531192816,19.205228301665027,0.3013291460490976,44.85915076151917,1902.076011194059
216.0,0.15961678713341704,0.7976212560945088,-0.1070000177678534,1.9441931767325527,12.188390943174973,0.34501379929563886,4.466107037447786,1789.346357239502
217.0,0.07199063922802244,0.4529021615867615,0.06577705579645143,0.8739098031458581,15.829558863968948,0.28481085817953355,66.30970836584272,1982.0559873195484
218.0,0.11330986220892886,0.052996707450602254,-0.42441638874475796,-2.0017691173752734,14.235782424134229,0.1609703269741143,43.19379548166079,1921.2814993086763
219.0,0.13961228534647285,0.5055368684098938,-0.32757436295961295,4.333673523466663,15.489583942679978,0.2015759691273249,25.882416627617694,1829.0112862269589
220.0,0.12742699460789628,0.28166552569010905,-0.19226141317873546,-2.189822975901504,11.997128149355483,0.19369151296397433,33.630662202617174,1854.961473841584
221.0,0.10309011298778795,0.18103892684955647,-0.17468509813745126,-1.5443371186979804,13.144218042773062,0.24478421120763325,22.23845452984244,1855.0961481986078
222.0,0.12646097426529185,0.2945417428226168,-0.13213283307941492,-3.421096539484253,13.99349994701467,0.18416822890088813,22.52451072875866,1885.4398570807252
223.0,0.1138932618278503,0.7123150320830686,-0.0407518252937229,2.085806602524519,11.897546420456116,0.28776452720603907,36.77872987557403,1858.1095415145408
224.0,0.1643077367328061,0.531679185094251,0.20248024169835666,0.2718227885740665,13.564813882775944,0.3172829288955826,78.58770367457124,1929.133370894176
225.0,0.10069582835728724,0.4245040899381607,0.12611882958087417,4.664373137393094,8.704528377477452,0.2894751152250501,19.683692833908292,1882.4266546687036
226.0,0.08036732522682313,0.2636157314627964,0.004987278515659721,0.717722842224412,5.36633991777515,0.21653549081864262,48.85910039783871,1991.592243041661
227.0,0.09918280832143425,0.5312250119659679,-0.12510338329799764,-2.2289931108275995,16.323499943112857,0.3366020742454827,41.44179024132459,1880.9274089265114
228.0,0.11449352890531397,0.1216550096768802,-0.37092653361182115,-4.040343286972519,12.668452244659889,0.18589011889433696,28.757093962785707,1849.61720530948
229.0,0.10350951573794792,0.3703030241240881,0.09457464566749185,-0.45987060687645465,18.297204737232008,0.22365390238208474,52.10277764068809,2012.4959605937267
230.0,0.15497143809634592,0.28000973932491324,0.21769692054345025,-3.764480319435237,12.5546871802594,0.18267121998762362,109.71612039043838,2199.609659129989
301.0,0.1046050507668026,0.3317206187609586,-0.11754652900380702,4.316430785228284,13.897010685028448,0.27364698396269416,10.163036197001215,1795.0432863990557
302.0,0.07132050067597448,0.3429629260966727,-0.1209027689604859,-1.7971929721352542,22.22717670471876,0.3667200831663361,53.52431627295742,1981.3380038750934
303.0,0.15501236354349043,0.5039577047642989,-0.2441808634701912,3.8998752419289886,13.378934603859634,0.3445801656692848,3.4610734520976236,1788.341323654152
304.0,0.18939851564068474,0.2576021486441437,-0.2135647046423128,-4.60158039338962,4.497921673178013,0.23759101940608235,33.863245470982974,1935.492501931298
305.0,0.1653559135777357,0.49569480630408125,-0.1594080105978194,-4.477121816890017,7.8630666166574485,0.42394704374896464,28.38362295242239,1861.241316621188
306.0,0.18734959796987824,0.7515463792818549,-0.05352558840634125,-3.967305629609327,18.56931776344519,0.44241879076542145,6.585683180517021,1809.714552779858
307.0,0.15969323916800798,0.493751017988746,-0.0874964714863331,-0.7500402662830497,15.75352186267476,0.34886255617882916,8.536876611723219,1793.4171268137777
308.0,0.16094392430557844,0.603925261087214,-0.27307166502859104,3.9410414680163686,9.461392500518066,0.33621867325395216,23.026190932683363,1826.1550605320244
309.0,0.14738101309697807,0.5763990778058375,-0.15651329759769628,2.029489577829535,21.401046027161556,0.4344087531520955,1.0050335853501013,1785.8852837874042
310.0,0.1379964138217684,0.44890709651304705,-0.053528166752331074,1.56449484870255,11.524873628381663,0.3213013227435184,8.536876611723184,1793.4171268137773
311.0,0.18280977035923562,0.628282754769516,-0.1596490235944269,-4.228316280242781,16.43980847492557,0.3303330018583368,7.251764347723911,1822.378216269136
312.0,0.13682280741047667,0.39596201953645244,0.028069248303236538,4.565047483482086,11.0691557062666,0.304340725993861,8.539775087644854,1811.151267037052
313.0,0.151401375414337,0.4450427742367393,0.0383906141103052,-1.7006151682804989,15.891701926558419,0.3855281751215135,39.01115283581901,1949.0075991025465
314.0,0.1841071697986028,0.3908200993889369,-0.14741462927300197,-4.50976757238541,1.2937581483710758,0.20997633280329392,10.247225234938007,1894.1573723174022
315.0,0.12163819517984072,0.1992178190427944,-0.24834929614560408,-2.191349116211105,12.731243724932796,0.24826020644646618,24.024614082795367,1857.3058730504276
316.0,0.10219171679368563,0.551473993192056,-0.05322630824284358,-0.844133170632142,14.917037222019552,0.3951697567492454,45.3192443373222,1914.0197186031476
317.0,0.18796932312932652,0.3349127329916986,0.09090026736750256,-1.1560952858747275,35.83333455689693,0.43202069250974257,1268.4765847295218,3378.1638549784934
318.0,0.14262927689975075,0.3644480861097952,-0.4125680916471952,-2.0317354617409595,11.78196041126089,0.26040541096182995,25.63208416897858,1828.7609537683197
319.0,0.17557458507150514,0.48094540614675846,-0.12419853918295631,0.7838802766524111,4.214947653759559,0.28956992738129883,24.43251106524822,1827.5613806645893
320.0,0.13684908768809428,0.2705848619806394,-0.15097453146570983,-4.0848822578175445,13.415459217323942,0.18595323385314055,37.14653038002348,1893.8965573171831
321.0,0.16132733842738406,0.16543791265501817,-0.3409172614631021,-4.0495894427336845,14.672940976511079,0.15721017480110647,6.157089446262214,1809.2859590456032
322.0,0.15633746439749202,0.5948125513502567,0.05547666696202369,4.6024498612719755,2.1044419567270793,0.34435593261188524,66.29351427704928,1899.5747732446816
323.0,0.15267730602385388,0.2299112467577945,-0.17787930564129328,-1.2425895916197875,13.950791434968089,0.23653146977917444,46.09869260037304,1897.487156922541
324.0,0.18939502677593775,0.2804059107720138,-0.11320616774581782,-1.62583185416317,31.004690312370823,0.4493480914754633,1235.1781287289837,3251.2803218043596
325.0,0.13105640889114198,0.3394160424605992,-0.0938223683850733,4.405126999872465,14.932122939679694,0.3755335676384701,9.335724337880276,1794.2159745399342
326.0,0.18404364717318267,0.4068854752430934,-0.06423059355167804,1.153105591481557,10.871975933031294,0.23230077917857955,11.365394186142927,1796.2456443881972
327.0,0.09133696736420188,0.6158103488721891,-0.23525657733736471,-1.705201150821381,21.188661572908433,0.35065319242658916,22.869792687313907,1844.2006043262807
328.0,0.17594598140066364,0.7033960510397254,-0.41526454210561203,-3.322016914794445,15.717407499951285,0.30613527745052793,29.237771622512422,1832.3666412218533
329.0,0.1679478265401501,0.6380097854605906,-0.03869772282100903,2.13203054367904,16.414063965556878,0.30102247505921514,39.146578135336824,1860.006689482031
330.0,0.13688374469272258,0.42687390106587964,-0.1967693008293706,4.760661853739902,0.7406452066932445,0.3845026151284465,54.038034257016236,1893.5236529422034
331.0,0.16188913586902892,0.22299720332442102,-0.04411297225995048,2.226752665618524,6.737545008223705,0.15227240111977267,21.804947596826114,1854.6626412655914
332.0,0.12544085063589536,0.6475832118676809,-0.09807580023236595,-3.732340038924624,22.45782193833175,0.4009312387379209,11.979031344716597,1815.1079009440575
333.0,0.1720533321045613,0.3725997226791081,-0.22741521800086295,-4.527481394843626,16.578154569046866,0.20672707432825244,4.066158223915275,1858.589414665328
334.0,0.17171729923551735,0.48596868539542404,0.12895823015036867,-0.811991733075414,10.215524365070287,0.3488635493509078,46.061530028381995,1903.2783904609223
335.0,0.15623358519335157,0.36351415584165747,-0.3412586149629421,-3.2750527007666532,12.295799613960043,0.2623616899240929,22.82118530075567,1825.9500549000968
336.0,0.18996673335371939,0.5785966734388985,-0.018158977388539,-2.832691280328249,8.493910651252683,0.32099973856501784,33.498301215088944,1905.1655844082782
337.0,0.18860463036064956,0.5953896898365606,-0.06816897354342077,-3.646736878356156,11.680251844679177,0.4041939066424879,15.877365593263221,1858.169890514903
338.0,0.1718674363422084,0.2021034681657512,-0.3195073764453482,-4.8905919393026105,14.396666328505539,0.19747626544862995,6.7556526013303735,1849.424141130153
339.0,0.14118235844803248,0.6134249090750457,-0.014594011745147961,-2.687757733352061,13.825279205492713,0.3786149738223075,55.96967325690735,1895.0317266432273
340.0,0.1089862338495477,0.590468210349007,-0.25814363925309836,-4.845661170958802,15.290872303313229,0.3863489493078532,48.71467751824508,1881.9959364858773
341.0,0.17643276372173355,0.2374375061149735,0.055810148570206275,-0.6997245557416848,13.04638011430329,0.2520743820076549,20.510551564747658,1909.6105898236492
342.0,0.17691067589755863,0.528770377167683,-0.15841512316871043,-4.3651641828281145,1.607459110287742,0.26127994729588916,18.965144396334026,1851.555716862838
343.0,0.16924338798891056,0.45265837078535165,-0.12789979688699782,3.070179022306039,13.534543572722335,0.294264212473958,18.76766093426948,1821.3791528836769
344.0,0.13081319468255226,0.30877149526094755,-0.07874611918627761,4.2227297929183685,10.414127286897752,0.3300502672425585,20.39191139122162,1823.0034033406291
345.0,0.10221640743694053,0.2611218127986881,-0.019430560602826552,3.452822312230296,15.81485275809029,0.31419204240687204,20.656690231883314,1892.9111884206493
346.0,0.18750870473414377,0.5960580360417518,0.1699902465023162,-3.7425992038600366,3.755610453025483,0.408567033693783,47.23135682734075,1928.205830809452
347.0,0.14939101471272848,0.2864030770657039,-0.5908910429831746,-4.719579692947523,13.406522145204356,0.1925105598888307,6.507206763460541,1791.3874569655147
348.0,0.1317322617774967,0.5301868706089001,-0.32202796408425194,2.0323897895157828,4.638533684185376,0.3141976806814857,5.056200482063213,1789.9364506841173
349.0,0.12970886824744823,0.5621341867587424,-0.15881679830288853,4.272857555154292,19.778728561006798,0.32792900555815646,10.355258820266974,1795.2355090223211
350.0,0.13989185822678446,0.6535825245049436,-0.078289817836101,0.46722065997116036,15.358232657095357,0.33180438358703934,21.189053350093765,1824.3179229494347
351.0,0.18218673377763664,0.664324059034045,0.09112553183494687,-1.4780661540994844,11.431976824684718,0.409585205371177,17.772927249359388,1838.6330385960537
352.0,0.175948361753691,0.6737980006005013,-0.2343717632558625,1.0528175346816104,17.38136160438731,0.3664063751462229,2.0100671707002795,1786.8903173727542
353.0,0.18860048991762685,0.49354962849256884,0.03949971320831969,1.494373156913874,14.81804569687327,0.35958523577012,19.208275922771925,1822.337145522113
354.0,0.18389593162662773,0.5173458437246927,-0.042102219068762436,0.4338771695393251,11.120196483313599,0.34630990329917344,5.679894904339605,1790.560145106394
355.0,0.18981240823322065,0.13486865895222877,-0.1437976778226867,-2.767814983751948,22.24535329728856,0.2942935201044448,229.9673770077772,2224.9745937532134
356.0,0.1417433717718346,0.5062053041214509,0.03528491209370044,4.094030828071996,11.484091121491787,0.31697613702198973,26.47958315664492,1829.608452755986
357.0,0.14514794303265727,0.3557416863442622,-0.23879714901861615,-4.383268234070076,8.100039186344432,0.2605573780697468,43.680187641638184,1900.4963602850505
358.0,0.17154666315942962,0.1222515184944577,-0.27806748944880477,-4.722407753052532,5.340239544804561,0.1598624453963589,40.54351076657389,1915.448344749954
359.0,0.18606458301994772,0.6107761542445501,0.035108018250053386,-2.6862730447671286,28.250127945566273,0.3943564524603447,90.89050373987276,2016.147838573059
360.0,0.07231610560319011,0.42041394155309936,0.03190347567884566,-0.6990681879182381,1.9445640840602394,0.35912736141337376,40.589758731031736,1909.709464800553
361.0,0.11355664776202129,0.1726607697402337,-0.3615442637315499,-3.317866900637989,16.103097767701215,0.3043749299953076,11.024940653419117,1814.15381025276
362.0,0.1696809443820113,0.3663953732171888,0.045117877535883366,-4.517177243594586,3.7410813483987084,0.3814418514309097,34.56534275892288,1961.5345097255547
363.0,0.18664363117443933,0.5105824927562044,-0.03744507896664406,-1.9835036673134876,12.118550706504621,0.3075216120093632,12.056800521973367,1815.1856701213144
364.0,0.13749659820596868,0.6939324323241312,-0.1037268870804603,0.8883565983955533,15.826517717324215,0.3917240947321985,17.16717619675917,1820.2960457961
365.0,0.16737197426181472,0.5355469613125773,0.07637882310352628,-1.474429564185447,42.93126620094244,0.42937226297579306,61.520827943138045,2079.4753478706166
366.0,0.17128971469136667,0.5960342875680857,0.23266317031350692,3.8188850570171895,5.783636883447215,0.4475491078822882,54.24483490188572,1910.9948618390454
367.0,0.14599600136275054,0.6795995768881643,0.08438272233673239,-4.285999859518793,17.86497836969297,0.3852257548076111,39.80971043430675,1949.4245909383687
368.0,0.1306553441791758,0.4451989393976475,-0.3426747731281522,1.2440018519419282,17.038246586611358,0.28145338696310207,40.588184363558405,1861.918996002525
369.0,0.18347477146421468,0.223319269858966,-0.19106342474139137,-4.283510755304006,17.631067701854732,0.2569758054837514,59.29849646756708,1981.8096008698121
370.0,0.18527658534907132,0.7036861249315447,0.17134743076933523,-0.8726969642691518,10.911170037244233,0.4357307198778066,12.688074446893223,1845.278646913397
371.0,0.18358891583899492,0.2556475135986472,-0.1287913238903866,-0.07139658641851232,29.586929452786723,0.3945914318151989,161.62010417142113,2054.12902388177
372.0,0.09206260028386293,0.4606154193644562,-0.1358094638872921,-2.7188672031247845,7.9297190546484515,0.39778812235678185,52.71512377918977,1915.6304701311565
373.0,0.1289586864810824,0.06779405136771927,-0.35473007417788116,0.04955482845444115,8.803434694664062,0.16984741349810095,30.12210226044632,1851.452913899413
374.0,0.18162243646974355,0.2330778021699642,-0.23833364267514956,-4.490602252709933,12.810686423497529,0.17851774272765014,36.2426932029587,1947.5025563779611
375.0,0.17191919185715393,0.6207055188747685,-0.024836758535064618,-2.601516092651495,11.767673626079144,0.3748661533992289,12.761707977144967,1827.8881598985572
376.0,0.11229492001565045,0.029508738602806672,-0.5738106785406145,-4.488202648661063,15.812202513751451,0.19568545561634595,6.6721869307510975,1838.9870550816572
377.0,0.11779555082705094,0.4698475952304829,-0.05087632879069226,-2.5861530155065138,8.09387188496995,0.3124951492594028,40.705373309102626,1891.2510405287078
378.0,0.1702849465546739,0.23693869162804576,-0.19280988438194724,0.46322721654460497,3.5726066653840434,0.27933680749666806,24.445362329695293,1827.5742319290364
379.0,0.1348118317994712,0.7923038658522987,-0.23215066787217953,-1.2888506524186933,17.57233344819486,0.3663114435033945,6.092266622725797,1790.9725168247799
380.0,0.18866462361718972,0.48729636748462474,-0.01368174492470553,3.5961046595426005,9.276439682936996,0.2692301080955229,47.23145099456576,1868.5622626335328
381.0,0.10560415940355145,0.5498791220992072,0.13244111255563973,4.69930509223301,12.366702154346093,0.38223493998827096,15.577538996568387,1866.1232062161735
382.0,0.07748899972254639,0.38216583315394026,-0.3076813647596802,-4.562540278642113,4.066867554967409,0.3343968612228448,51.98971916566557,1891.4753378508526
383.0,0.099391860375866,0.36460650821529844,-0.18463786652854242,-2.0510833302424594,16.873081317215977,0.30472184804956426,33.081979993770986,1853.9420913404654
384.0,0.17220656546022772,0.44735711718414806,-0.3759457455749967,-0.23831408838352441,11.897637265018922,0.3011413667227402,38.34750597581919,1859.2076173225132
385.0,0.17254242339763254,0.5458868188143232,-0.18354310221241144,-2.839040181193334,15.701443155795452,0.28109621083193886,6.673498611939664,1791.5537488139937
386.0,0.161458949935386,0.4294141991897942,0.0004401326211120882,-2.3154597678934605,19.124382409168128,0.33886357337281364,48.360276483521204,1898.5951461017642
387.0,0.14066916967074253,0.5392640808415535,-0.08890965300630704,3.4047429758223346,6.50856092606471,0.3185516584789282,4.051166896713028,1788.931417098767
388.0,0.16417192823500165,0.4892241046427783,-0.057979627048324156,-2.9473921208438214,17.49923773890474,0.2924725857193024,31.218525886752925,1882.606990208921
389.0,0.12146745469334076,0.5918829576000565,0.02229607256495214,3.896071706583424,17.289814908846452,0.4334271975489063,4.051166896713035,1788.9314170987673
390.0,0.14400825347695143,0.622298719168621,-0.16868646361891648,-2.9072534537921078,22.52149259824548,0.4325186476929611,18.215090212411837,1821.3439598117527
391.0,0.15979332663972487,0.6484261150015506,-0.152782225308005,-3.754502804700369,7.444283598396197,0.3312377875379747,6.8911143488828355,1791.7713645509368
392.0,0.10774921905454174,0.5856721933241166,-0.16389659618351615,-2.3486362697609975,14.75964974336808,0.35516260462867555,5.146083495528162,1808.2749530948693
393.0,0.09896171102081691,0.10644991875178583,-0.32968568357174477,-2.936448427356577,13.006599002739712,0.2558333476415384,36.62440502620119,1888.0128693483691
394.0,0.18895984266125054,0.4843661986993657,0.014118339389166179,2.3029190352441686,5.069153195960105,0.31783499088521894,27.104289592779455,1829.715781542187
395.0,0.14384191089661577,0.34485377944498957,-0.3432493600462281,-1.060053836326051,14.741241374252311,0.2859768280208387,22.41103729813942,1825.5399068974805
396.0,0.18719432507004888,0.6186470783733902,-0.024371812669110815,-3.091981084652584,13.51290430920929,0.3689433632843286,21.180587516695162,1823.7920794661025
397.0,0.18876415207884978,0.603194146592429,0.10426368726037194,-1.420793484981309,30.613211857811415,0.40482420246446704,132.27604774329453,2098.253677934075
398.0,0.10360158647109664,0.5821245854068835,-0.09411406426611091,0.025472887806362587,17.87649335753308,0.3543975224609633,27.668496016811513,1848.9993076557785
399.0,0.08881091486664705,0.4972439501125204,-0.16671360669562296,-4.823142933394688,16.09587031588506,0.36825575399377036,34.424847756360705,1855.2849591030547
400.0,0.14277605630478615,0.6831379217387321,0.07742413070703802,-1.6984098406580805,29.105488738626867,0.38585866830739873,47.496714941529845,1932.0396598635211
401.0,0.11575071921536911,0.4542169942435292,0.15352643788149067,0.1887556676464064,21.835750911914,0.3881776572568209,56.945199592362655,1970.9857586860592
402.0,0.18979564116123693,0.22286775648450063,-0.07049037437297567,-2.317913622583394,24.647232713568037,0.3266580960370895,433.24913087823063,2574.3315286602638
403.0,0.1498951726232158,0.2939065051644035,-0.0990035700551486,-3.587356785752705,7.450815337167796,0.22846178312168597,27.183022117058574,1889.9259839518536
404.0,0.18318744402506804,0.49542015926756544,-0.01061292809442349,-0.48780232948215096,41.22728552449135,0.4178569888485878,50.41338837119687,2092.7260215843166
405.0,0.15231566074878516,0.4465670628514684,0.2179673356016567,1.930067278974047,8.967291522745121,0.3163203902428584,24.669426643006982,1827.2809185924143
406.0,0.18307215432730586,0.4110744789820675,-0.21048716768454945,-4.835909604162528,13.400596695665065,0.30714770404975134,17.00045644178917,1868.0129571567745
407.0,0.18040119852814251,0.6762041060546629,-0.17927797139862234,-0.818704473120192,12.35042519676469,0.3861623029550248,39.76464446528385,1860.6247558119778
408.0,0.15704070792477481,0.5428448082438968,-0.044901220480885184,0.9880399614111346,2.603717429003403,0.3909546285137366,37.318743330958895,1840.4476129303
409.0,0.10113567902704361,0.5739120260439199,-0.08185588693398016,0.9691856116941833,17.09650960468081,0.38901224731473705,19.568866130199673,1822.6977357295407
410.0,0.11311235885931421,0.5744207890265002,0.014937211463684541,2.449848616132928,16.082254132791576,0.38787175446071415,33.45113401966019,1884.4636347346457
411.0,0.09720553646359589,0.3340272500265591,-0.15662074559212102,-1.973624194632435,17.041995187155898,0.25100782357182566,30.8640233020548,1864.145282269687
412.0,0.1510065436515956,0.3874859080049721,-0.02870035727612541,1.2314478143354257,5.790651664042144,0.35454451354502514,2.265049993119691,1804.8765419425272
413.0,0.17607234896574514,0.3161095481091207,-0.24217386923715822,0.8939825100391763,13.979114469393977,0.2598769855572324,2.01006717070029,1786.8903173727545
414.0,0.1269449327343694,0.17599387714858272,-0.09695653812800353,-2.98000105873736,6.534458011709276,0.3137897630850152,26.051329641838734,1935.1740177851766
415.0,0.15043949242422566,0.49382543767704623,0.2440532296749225,4.941775469888668,18.79738672653137,0.4244089002186198,59.1560550990384,1898.2181084853582
416.0,0.17137264670516705,0.37521892359879067,0.07542733203711594,-1.3141956856479498,3.670049921325102,0.31202135652249224,30.63321742101208,1851.493328767706
417.0,0.18668869869155086,0.4985061849525298,0.21926962858248578,1.713861067200071,11.371832043282339,0.3707747251934318,35.19000772887293,1856.5208193678397
418.0,0.15283662409445184,0.5625819631645033,0.12451666545787621,-4.582883416519123,8.488474684190827,0.35194458395500977,32.73051024232965,1912.5662088905426
419.0,0.18815478114392095,0.44694729957841867,0.12285336681414183,-1.8921280030976362,11.692503611149547,0.4295343987099929,51.72469101041078,1876.2859741846974
420.0,0.17256570554624012,0.16800732181601052,-0.25041900433282527,-4.666615420411943,11.682388657158171,0.2806633093726932,20.722923674749936,1859.2710085722838
421.0,0.1678484276920048,0.3927953176353901,0.047268381511555324,-0.604245465118185,14.358018974960544,0.3581483944246836,24.110955295317495,1862.6590401928515
422.0,0.16048998877318077,0.45254255969757606,0.029431660322076558,-4.496247781873803,9.440886032519792,0.33487015528721226,27.379546220905556,1890.1225080557008
423.0,0.18925495682466714,0.26165197449828276,0.02049222105064259,-0.8310223522347704,34.196941669576866,0.4411300173143345,1600.6979821336988,3841.3261659284426
424.0,0.07629990993846211,0.3960244650333774,-0.03820836242414727,-0.3679654364041418,16.949709313391942,0.35155560826733506,13.030090861179888,1833.8902022078737
425.0,0.12404564730496533,0.3784671513736552,-0.14124185938282652,4.550998042186234,10.58143991673348,0.3232083243838795,19.582519723719706,1822.7113893230608
426.0,0.15353312043174025,0.35978704130590833,-0.3871199699975012,1.992584345927404,14.37111455405659,0.16416070105516883,73.57104156763438,1930.7879020001749
427.0,0.18845178066084495,0.4033279048089346,0.13957731661534245,-0.17028357475361966,18.63795991519697,0.36189449711896954,55.7815920357084,1888.6392857044737
428.0,0.08874546412871286,0.2127841812331941,-0.3872456758311763,0.2376719681421613,13.332918763895293,0.36689295794527876,8.494414178660644,1793.3746643807149
430.0,0.18176148418138569,0.596491457088239,0.09641292162558046,2.1410157137083354,17.931350204279013,0.4434631608389869,16.799106295372475,1819.9279758947134
431.0,0.17523186082216083,0.49434518318508625,0.1239929138772613,-2.0104433043334806,20.3800608846794,0.4087828015592935,30.14836618438156,1954.7751135761243
432.0,0.1770767803091409,0.5812038188278326,-0.11952458849370451,-4.811249030903235,12.614533373013458,0.33722418106366603,40.05246215686955,1921.446993163543
433.0,0.11359042447967102,0.5837613882183124,-0.42860569623459543,-4.440005625418191,21.348614265781887,0.3133035209361594,45.84928635421339,1860.9757382756256
434.0,0.16116570784401035,0.1383438150105032,-0.3041481029758861,-3.4467261015739137,11.203382795198145,0.15811200684670287,9.818376392169087,1812.9472459915103
435.0,0.1822118360240586,0.597371672212999,-0.02600170970527027,-3.668517535691404,17.58487755996009,0.3517328189949998,24.032364077777643,1887.3196897299154
436.0,0.08835352191053641,0.3240455726456822,0.025780611113126906,4.674290198293134,4.271477380403596,0.3445496720803075,42.354781011637755,1885.0232695404604
437.0,0.12996690135088868,0.2702335001397938,-0.3109287823343033,-4.900271425047057,11.367427363413334,0.390199631605836,21.395854659695086,1836.5223065811074
438.0,0.16993968935063275,0.3444358746281785,-0.13576974591151536,-3.915778504001765,18.080672633366028,0.20306136392094715,9.06963675441941,1899.334699198924
439.0,0.15409156630101084,0.3455365464640094,-0.12432226799362855,-3.656101879127902,14.121692052533604,0.2881432099852302,35.94211332263087,1922.7497929429921
440.0,0.08527964093240449,0.33937049888974874,0.0361636833756116,2.3696394677968637,3.5907270783806666,0.3067751425708596,57.21690226602417,1908.6053665881923
441.0,0.15782145581878113,0.33328281347765226,-0.02012767479233346,-1.9775898388182815,5.484107203745239,0.24813266296113143,15.548208818428604,1854.096293715963
442.0,0.1895962727753489,0.3544303424018606,0.07763264656818047,-3.747253512526373,5.353593684321531,0.33593287457720195,44.58808069237943,1949.0400574644796
443.0,0.18960601767270766,0.6237589688382558,0.11617109725280006,1.423317723340345,13.605198355655418,0.41591654654564003,5.365922948241298,1808.4947925475822
444.0,0.1807554331316331,0.6752971112413462,0.1618109635225319,2.947352787799205,17.352241082222264,0.4492531523119987,37.21064968123905,1870.4919086488715
445.0,0.1584111785367132,0.5636713301249109,-0.22507342778466077,1.9428741441010955,10.936041537998108,0.2936013842412389,23.44999252881967,1826.5788621281608
446.0,0.12771597765630252,0.5259932003699495,-0.10870025398579208,-2.0636446741700865,5.02719813849972,0.4260591762579837,15.039737890039673,1818.1686074893807
447.0,0.14726985410307242,0.3029277769784431,-0.14353540749589377,-1.5021132447425338,11.913709719121641,0.2706818073805232,22.275973874426153,1843.606785513393
448.0,0.10691691337625595,0.31983675791871413,-0.1960649121290058,-3.3260661022689946,18.245324840490987,0.35185207144138525,31.773275067904972,1888.9901355004451
449.0,0.1082387989108386,0.6617716423650251,-0.21184761299739596,2.6728621787193974,17.60743125236111,0.3403469129392943,60.201071967015736,1892.1873221879723
450.0,0.1447876946590906,0.5972722393687357,0.04814478846963821,-0.17776489483898594,5.443927257165967,0.2993674603684723,63.63842021672073,1924.0381504928966
451.0,0.18064167437206075,0.4829130630029719,-0.24812026172381307,-0.16325329525482823,16.020818673078097,0.25389815404440236,2.010067170700266,1786.8903173727542
452.0,0.18870954139168394,0.39351015725519606,0.21015261043233435,0.5333034631318789,11.015105571808164,0.379988238779044,56.29766618217094,1877.6284778211377
453.0,0.15936237817488716,0.44444412772363806,-0.18757585486909312,1.7711650043550342,9.66283455654613,0.3538145744048139,6.879684471132748,1791.759934673187
455.0,0.14787045797120488,0.5643349290267639,-0.186107176116594,-2.0571540028048223,16.727867223803166,0.37279400551170483,8.133366348738544,1793.0136165507927
456.0,0.1886778916133173,0.41619553383962,-0.09478988762761342,-3.829435557720319,10.385017163938038,0.3655269154129531,30.16655184622075,1854.7278350205072
457.0,0.18527165554224587,0.33871223550722723,5.8933917878256636e-05,-2.078323274507292,21.736078519469597,0.31773768888079246,94.56775957633586,1966.6979509723212
458.0,0.17898813286662274,0.5328731337901075,-0.05679940419319374,-1.1356801843680675,15.26981480200378,0.44885248343232326,27.99597170892034,1812.8762219109744
459.0,0.0930997654441494,0.4897292222294168,-0.19651833343727665,-1.261324311971443,16.43381731961832,0.37211636599462083,11.495027428637052,1796.375277630691
460.0,0.08013728671699674,0.47139539665916785,-0.24666770239031277,-4.969456372290534,23.992203284962027,0.38508812129931747,49.480884182379114,1907.073708222102
