id,alpha,beta,p,sd_0_sd_r_ratio,tau,X^2,bic
101.0,0.08517885339783016,0.2906511859024957,0.5485210397933744,14.36660773083782,0.2616911840569885,105.47308842083584,1998.446091844044
102.0,0.1887607180216006,0.5870721025010749,0.21832348032412252,18.147034450929524,0.3109710782835573,53.24769461479441,1869.057045335899
103.0,0.11843750820651383,0.2815319919599921,0.44411684868516454,22.839884810533178,0.18127883099755235,77.29495224988678,2028.5844569394062
104.0,0.11716654167387455,0.35670845345447677,0.4528585620648868,17.871963226887296,0.27826355522166085,20.236058337491375,1829.8410493410413
105.0,0.09573358554223041,0.3468220006386448,0.5059492249478624,18.581111468302158,0.29872417329162415,41.705712815948516,1857.5150635370533
106.0,0.11023045435044544,0.34822369760668065,0.43423626373438534,23.722336754579178,0.27548716660127504,31.131337018533014,1906.5843500827823
107.0,0.07364152790112002,0.4436082997180604,0.4752091127021373,16.172851124928144,0.31582473589039695,103.01111737537501,1996.152103990464
108.0,0.0971526657054273,0.38684809012540655,0.3428413896221477,24.645139826124105,0.29013264778542164,91.16174292994751,2069.058966587089
109.0,0.18791299064128275,0.7362906971343306,0.20051858752020316,28.969029776376818,0.36201734578587236,161.87836118786646,2064.5654708844977
110.0,0.0708559219658859,0.3056839658238939,0.5499413526773056,5.399176044351087,0.2682855742324742,60.605179609428006,1999.195263548831
111.0,0.09178362726596437,0.4523713468245436,0.5464603530341605,20.128171218732053,0.2783770921119469,76.56290654541665,1874.1703152268956
112.0,0.07571352300438655,0.4280687352636291,0.389794297086764,23.100204770769484,0.2339160982567608,82.26209304361252,2058.3274133879786
113.0,0.10190306036778578,0.3626697283554704,0.5384121874079538,19.1426592582447,0.30882410780678826,74.6847021074126,1914.3473457941639
114.0,0.07884916064330286,0.45542048814074165,0.5438795090284472,17.235707556732088,0.2726106593536749,34.198114018504704,1867.482261488316
115.0,0.14023385726475734,0.6878834340124133,0.5474430226820383,15.1250131716453,0.3115235544047351,129.17553846800047,1986.3970393849334
116.0,0.08401053383111398,0.5760165400785934,0.4073650367229882,1.3859476993967803,0.32536372968684396,39.01528901972789,1847.8357811710828
117.0,0.07985939960499869,0.34061560598752705,0.45470319644757506,24.504031233305653,0.3295492601547908,86.14543046235102,1991.883832719491
118.0,0.09534643297138644,0.35048602701858483,0.38947890151464615,21.319857333130145,0.24638542179811257,55.5413923971171,1934.3108977784345
119.0,0.1504720747210437,0.5994911195931875,0.5461205315124485,15.288575265282326,0.29562247704022004,56.99240409460201,1836.351193378794
120.0,0.11918278595863369,0.3138199789737014,0.5312248634553987,17.735482167862962,0.28794637546060464,53.50218281593017,1887.466340583255
121.0,0.08563888339841111,0.5343753819406459,0.23159838667635108,14.673929640117862,0.31711118018444145,65.74289652308376,1949.9959241529464
122.0,0.11964262471441925,0.3039397124037777,0.5487555726823303,7.438140842678429,0.23931573701074713,66.0557213463363,1905.7183650330878
123.0,0.11732678717227088,0.20949126447120303,0.544426265421322,17.052223221457297,0.2023906357037411,113.9560443881902,2021.792967842601
124.0,0.09215519736511887,0.3302108490922515,0.4342861200669343,13.902311511227147,0.2523589559537797,57.74022949824189,1933.0689357697108
125.0,0.13438101431635652,0.2164611091309201,0.5200164950799346,16.085142993555642,0.16588466049986741,80.36765347784211,1953.3050504663004
126.0,0.13249552366652373,0.23714685049723777,0.5338632728810587,14.577516254685115,0.25354713243853766,40.576902562356544,1855.9155529911884
127.0,0.09084148512432974,0.30264256438055337,0.5237438572407812,18.207721043431945,0.3038488048388284,36.01866471163465,1898.6024413221764
128.0,0.10567505050568521,0.4018201666727533,0.5261406503452013,13.679380392571353,0.23908187079367343,33.94320290230024,1831.0332339338456
129.0,0.15245858118659375,0.5013207151776822,0.5283715574129575,12.031583818636015,0.255938574272733,24.352383838147258,1803.7111731223392
130.0,0.16545080132515114,0.663729867819277,0.5256275555109001,18.27310119974029,0.3002722959872598,76.20091399382179,1892.0102647149265
131.0,0.08579254201044009,0.2033128684061808,0.30575733202164507,15.598194098859409,0.15192665516062367,612.3533437846055,2665.38270748426
133.0,0.1384916944864541,0.1888763222241664,0.549894605611297,13.56192126417929,0.17723506188028382,12.317526161138849,1839.653758912042
134.0,0.1888325893008533,0.798244699689093,0.433220817015785,13.979915742446707,0.30978911794768693,26.06176495115429,1823.669173632633
135.0,0.1640463946957415,0.26931331810842096,0.43558693040020946,16.247304208685186,0.20480825354422388,42.45183583009495,1879.5988634410555
136.0,0.17266091740483175,0.7527429888612707,0.4979305653748123,3.7874923465931047,0.360932707909055,23.5204655549618,1802.8792548391536
137.0,0.13055327591995114,0.4160099652974801,0.532206796644856,19.129635883643143,0.27300925692526395,55.155362712113835,1834.514151996306
138.0,0.10704327861580351,0.29639169855373443,0.4445794414475832,15.41469463712481,0.2950952585168886,51.499089160959,1885.0396816294167
139.0,0.08444897800864477,0.4963572051375593,0.20045000786196301,29.990583365052913,0.29365773449821087,23.571684017623546,2163.2519460498215
140.0,0.11297145530022003,0.253863208926536,0.549322677096318,17.54993286011956,0.25117615177084607,75.31031359418516,1903.0701116439552
141.0,0.0748764917308774,0.29906019315504206,0.42474190876662204,24.000660854719964,0.2531087630597382,147.58310180299927,2178.5000070372976
142.0,0.09003028379317857,0.34151977027436364,0.5392515199190792,23.598857707034192,0.31712005598204884,57.382329959628485,1908.6770416851791
143.0,0.10371719586920619,0.4824792547802914,0.37613326907705724,17.85659553369304,0.32712372644095955,67.43344917148835,1912.1468578718693
144.0,0.09725243997386926,0.43330857039723436,0.47592714282686316,17.85493524798079,0.3176264389543129,53.517377425464005,1869.3267281465685
145.0,0.08471550647064835,0.31330548050400997,0.5494536808836342,18.37140815663424,0.2466991752548387,97.72786243630196,1984.0170790072373
146.0,0.12150223307152641,0.32527375184412466,0.2843032984024121,20.917575246558954,0.20285817659688501,141.57974710267797,2155.5478214477707
147.0,0.14635069152893987,0.6583280818778723,0.2532325443929112,34.357667501250525,0.34947553736727316,749.6107230496816,2762.696629925381
148.0,0.16935544163242242,0.6463001841799877,0.5434500778272999,18.716544126364806,0.320272771089528,80.14163244533631,1877.2316634768815
149.0,0.11919852190811861,0.2456194179836031,0.5469742956088475,15.953877412166435,0.2068014103068977,105.29305461989125,1978.2304516083493
150.0,0.10435208895181164,0.2636569079457158,0.5376074221390645,18.587371009020583,0.21024105081877204,29.82543278980358,1868.5837035858863
151.0,0.16125299699957987,0.25272369851185833,0.4482100259831145,15.732490407731134,0.18228116031156294,37.730823852162,1865.4906219019324
152.0,0.14020827704897115,0.2632651268324544,0.5452159843786133,21.871346304376903,0.251246019021783,20.773065454249547,1848.1092982051528
153.0,0.16220617272985652,0.2985649549132245,0.3252678805570239,16.299382105695877,0.15849338946601402,46.389643731329926,1879.9302361997877
154.0,0.1630068883310181,0.6679744740837493,0.3962489817547931,14.983286892873942,0.3606722952575484,18.875603773714296,1798.2343930579063
155.0,0.08065024812406654,0.33865726789297756,0.5499884953504934,20.963457327250943,0.2757301440756805,74.28248189810155,1901.0758891311452
156.0,0.12152256980395308,0.22202899679483612,0.5273082881718644,14.965178078730972,0.19864229089508414,46.12412529459647,1901.00239465291
157.0,0.11263838474944676,0.249129320231129,0.5114814206406509,12.025050506139245,0.200353148607755,162.27388923347965,2082.3497614627013
158.0,0.10102869605861908,0.6235594918117389,0.548455684821345,15.892019867071632,0.3214288148157812,35.08319138537293,1814.4419806695648
159.0,0.1378168663959233,0.5778095016650288,0.5301358926123695,15.687140438769589,0.324638382586633,10.241345551031248,1789.6001348352231
160.0,0.10206897493663122,0.26894866638363985,0.5206074623425538,18.695333558816014,0.23446011740572612,96.94254230998723,2000.9630006282762
161.0,0.10571146354947089,0.4887297688360946,0.32077593104448365,26.227743916041806,0.27664375108103295,91.87976815023741,2053.5329644793073
162.0,0.08544848634296352,0.32699961908702796,0.49752879143066175,25.72088572885618,0.2604973566333007,109.44983895208351,2049.1693748318908
163.0,0.15619046547411722,0.143621926770083,0.5477428144463089,14.335831842466817,0.20365585570642425,104.33088557337148,2076.4304043207776
164.0,0.0867642794260631,0.3081608978299315,0.5439252038977173,16.660971873907606,0.3083343782047752,39.90759047675125,1885.398630273875
165.0,0.07849503027335088,0.4635748192575654,0.5029260922222447,22.12491226920361,0.2688867466091276,28.695122731950352,1826.3025314134293
166.0,0.08685427596402079,0.4041067847326996,0.22254695508760408,13.542242832920657,0.2802198197381164,127.03511797781941,2054.252528570841
167.0,0.10155511063750315,0.2759016357155574,0.5123250748494071,19.281452435821578,0.23400720208593262,64.42264711583631,1961.3059906894184
168.0,0.09844517417661769,0.38702411401657916,0.5141594170845663,17.92818071775904,0.28326523837686335,41.093977276012595,1878.2410048869729
169.0,0.0847692113143547,0.4999269950339265,0.3556328814515551,22.514652059354706,0.2909011955287185,86.77189722943875,1980.235474549427
170.0,0.1448063690126292,0.46909252304590865,0.5465723959816939,14.906825642510256,0.2518677612234125,109.2522149478214,1954.7432547449446
171.0,0.10080781010280808,0.35512520980178497,0.2804138195302514,19.43822716250143,0.1839620790455369,159.97766553040043,2239.454092837167
172.0,0.0964587447276769,0.3045722959978635,0.5232098914104288,20.900333670791703,0.20904344421089882,29.71096352602077,1886.4307396416864
173.0,0.11620270036049088,0.2838666578628994,0.5406143164259913,17.572373341878496,0.27764248131069047,48.7817415570858,1867.8215638135102
174.0,0.12994312404576067,0.1674830177773181,0.5423917671092249,15.12217497609992,0.16746395406481035,84.16613470145823,2056.4647332814716
175.0,0.10210208323707592,0.33822302161834944,0.4658992932487299,14.250473669387539,0.28305662004039384,62.7694302858734,1932.572035155087
176.0,0.07798327215876363,0.3568918296104965,0.5285015173737562,19.2309390909624,0.3257146999126903,52.86887838532369,1886.4094708537814
177.0,0.11381754550531831,0.45545883602067716,0.24971762464531125,24.695383087393246,0.25182103970827563,35.061877095317335,1920.0357421941894
178.0,0.10804329738705969,0.24426966318512622,0.5341102132360481,17.38275593669013,0.23152965239234602,72.49354146697215,1957.2371429936145
179.0,0.08660573457095772,0.21329098556818638,0.49358444060457307,11.022181430251472,0.22729475111422182,247.48320534966382,2191.2107524280477
180.0,0.09696259726793485,0.2975524757696131,0.47370667480043643,23.67666938818847,0.2394340369176182,45.609101048175,1999.1739781987085
181.0,0.10684102706752875,0.39019990284722245,0.4029412107057253,17.30489407336836,0.2434454023214909,65.0818795371103,1921.5713920805463
182.0,0.09812867565664529,0.27376747270566976,0.5348444981904555,6.696877839366323,0.24132117484107618,56.79972525883545,1937.3152807732577
183.0,0.09778121353296156,0.38053692151379753,0.2028943357458843,20.529171075566424,0.17074088706039126,113.09420535850725,2278.7954725823342
184.0,0.13710722843908638,0.19293700032982608,0.5441399647672646,18.02361069298227,0.2136581352065152,38.300369342291106,1900.8841459528326
185.0,0.10840804504331689,0.32083401514624527,0.33344964106326,17.279872828349554,0.19403328741454376,36.88382654947376,1893.594817571926
186.0,0.08797358412552927,0.303094210535814,0.5420799666934463,24.944621564162876,0.2747128064891287,125.31620198403594,2026.635686209839
187.0,0.10380426190169181,0.2812610201694823,0.5490472937249293,19.841183050971082,0.29247736997936263,7.646905239207441,1817.2518962427573
188.0,0.0825176912477921,0.2972652899865294,0.5482014548285986,19.46829137302943,0.24679177734716207,50.598075043707034,1944.9636742896596
189.0,0.09577960774034294,0.29985269271063175,0.47658864887417646,1.5761083489478551,0.2619072935995946,126.73465692666753,2046.6470169610902
190.0,0.08174180291486408,0.3304567563881371,0.5179168363078454,18.256166550325858,0.25595391594268907,35.575039606225346,1910.0260574692443
191.0,0.09682708200113162,0.37527750844368984,0.548861389233846,18.895177948796228,0.284284081602997,54.52343932587924,1891.6704669368396
192.0,0.11215390646293705,0.325237371144158,0.40712073915548785,13.298399539413452,0.23401238131051205,117.35675087008298,1986.3827043429862
193.0,0.08497174723379833,0.33818017737719835,0.515323528594242,19.44051929765236,0.2613335818596973,26.63437854327105,1877.6497677604357
194.0,0.11049329485045932,0.3566422259633596,0.3275317230740712,22.64913913472968,0.2730542915266795,51.61451902888766,1983.6943841466623
195.0,0.1236780337445666,0.237688660087214,0.4592181160793042,22.795282618500934,0.15964943549654706,156.28876079545034,2105.7964466137983
196.0,0.11161244431639639,0.290170793201529,0.4106682881339473,16.737862509879108,0.22751944303241567,47.20820418705216,1898.4367702063496
197.0,0.15138625322642443,0.6365972139463224,0.3922301003445284,16.146902543515004,0.29245893679642704,49.33318201994244,1865.142532741047
198.0,0.07043778081748005,0.40761749090587635,0.3283957871445358,15.259646133248218,0.24253044264608054,99.65311685414719,2065.4771524343732
199.0,0.1116918651165232,0.5297643978679908,0.5464482147781341,17.694897900543452,0.27799125399633856,37.92313883754275,1817.2819281217346
200.0,0.08094101331373597,0.5183687362649146,0.20037792791852144,23.249111773399008,0.2864083740435238,107.90419747146989,2083.7031227803986
201.0,0.13120701613776212,0.5662902918983226,0.3282385364553967,17.31902832629884,0.3083838964322336,24.00600979000249,1821.613418471481
202.0,0.1284971018109055,0.7506692825512916,0.5372727672248988,14.04781506621407,0.3203868020152276,30.45282326068535,1809.8116125448776
203.0,0.10831333488105452,0.21861279542259,0.5494149169729994,15.855583213939433,0.22694050632523022,60.239905219680836,1929.2658586925845
204.0,0.0861017146414115,0.30093251410877386,0.5486622844676678,17.726046296839478,0.24703269242872694,94.53192671334652,1967.4693237018048
205.0,0.13116529916215558,0.3960002770239827,0.4678551549501437,19.16587519173974,0.3051794667014122,39.5311346053376,1818.8899238895297
206.0,0.11941851394179819,0.5228730324112277,0.5454486902582312,18.61664297264842,0.29969622816724734,58.65633017492552,1838.0151194591178
207.0,0.09140796528791509,0.4166832801066844,0.5367667700889247,17.06317164864131,0.29233177094172924,59.00077461607417,1886.7605726658442
208.0,0.07738091771028982,0.36343592364678956,0.537382608251192,14.30889372196149,0.2852722820223168,57.438668947667644,1885.198466997438
209.0,0.07461012187581129,0.41434527238714397,0.5078049905085299,23.668677042572433,0.2726282513591401,72.29128844686336,1948.0236240194984
210.0,0.17274854712460153,0.5206396446896872,0.5326586344277344,17.41191450602158,0.2869360306039478,6.713392622653652,1786.0721819068456
211.0,0.13443122001171112,0.25977501327541297,0.5493636813083977,18.319741595755428,0.21812781478612703,8.891498390271948,1827.9313206466963
212.0,0.14289945937810142,0.267985655843111,0.4691556788909964,20.213367017121513,0.2316607948470423,30.094927022977217,1866.8659910267552
213.0,0.13113672650824235,0.2276997548710452,0.5497490415760682,16.253933436432312,0.20770248750705805,55.09691618835918,1881.8903234214029
214.0,0.08149107135982539,0.5503272327730485,0.5499197664902691,19.479506229560265,0.28546300116255174,90.55921578683639,1965.179460507792
215.0,0.1637425829982559,0.2218131091437449,0.4168523766365876,17.17677499368463,0.17559515248043586,58.28487203353711,1909.9802715482151
216.0,0.13417786610642676,0.675531938447765,0.5060761150932891,15.679412552862537,0.34050956406899513,14.08939760783765,1793.4481868920295
217.0,0.08756373883044946,0.36292186008760907,0.47298084025061654,22.869724398387916,0.2592615751413534,51.424773333208876,1961.6495913690521
218.0,0.11325218912288634,0.23640838502060202,0.5344307392363373,17.77210614520392,0.28049794663377836,66.11775109981315,1938.6839940089662
219.0,0.11191796583273778,0.31813132694902196,0.5485901326920182,16.172166725086498,0.2648046978266769,48.34842223159604,1845.955830913075
220.0,0.10946857533358201,0.3483732654339507,0.4947078222786486,19.50400637012566,0.2633787302758419,26.29161422160363,1842.100964942708
221.0,0.0960767152087597,0.3368997793400234,0.44635994634459675,18.736133832306702,0.3067635036863982,25.89729055395646,1853.2335233048595
222.0,0.11357274449440365,0.2899908042610079,0.5126599394027292,17.397823975047174,0.23563589342226882,78.28332474207372,1935.6772101761783
223.0,0.09000973486214821,0.4383877146512842,0.528833615623554,2.267683660945252,0.2777723907261528,31.790337140055044,1847.59968786116
224.0,0.1400913652685699,0.2748450034092389,0.3572188203473297,16.324905122789183,0.195454224661481,35.32863013999399,1880.3528364417366
225.0,0.11907248268225755,0.34353989270180585,0.32851128064368973,11.003829504522308,0.20621530717196684,38.46324345902666,1895.6847443759596
226.0,0.07968108624960296,0.29309725980022383,0.4892460621768495,23.800711505088874,0.2174961497665066,99.53287026641466,2036.7445519923747
227.0,0.12403800526468113,0.4991197943753035,0.40391273575559256,6.730304714797462,0.3240568176206244,60.23921650401168,1894.2033742713365
228.0,0.1254835209067313,0.24907233587525107,0.5479890179460136,16.695552974599558,0.26651677207566815,37.591542093774855,1852.9301925226068
229.0,0.09270566427137616,0.3572388573506139,0.38163398265425225,22.741012704324486,0.2152374950674745,75.00467322688958,2029.8763952620661
230.0,0.09051259738586048,0.3067686013781903,0.25040252585427963,16.389992656943654,0.1870100313317183,157.9630076803877,2242.3350855020767
301.0,0.1312235197129442,0.5345286183819938,0.3818239141060224,1.3114825174614424,0.32406754511884045,42.584539517542765,1821.9433288017347
302.0,0.10376968694614554,0.30107933419744065,0.48276467898323433,22.764147782126365,0.34711077941642493,74.36569748120363,1996.6579241654774
303.0,0.18793700847102146,0.5425385787170323,0.5274658706852771,16.09817862940084,0.3935198915658753,39.36271524118997,1818.7215045253818
304.0,0.1567979792844938,0.2856570266260712,0.3339447904124426,10.891504877829881,0.3076084718665666,141.7176233433877,2037.8254188858405
305.0,0.170508594118019,0.31809994854532087,0.48980171898550384,15.548099033452004,0.3748360974883054,75.95544031351925,1903.2916730644226
306.0,0.10713982578668689,0.4778877510214687,0.4074045892164679,14.886068869079601,0.43233381163417606,32.31644199201054,1829.9238506734894
307.0,0.12613958374541398,0.5865295168570079,0.35319310531215325,17.01826203423586,0.4193184050857999,4.6722928966408706,1784.0310821808328
308.0,0.09779699533003677,0.6080756979086693,0.4589817390159008,10.452651362521053,0.42600303080631197,39.998453501212424,1837.6058621826915
309.0,0.14671826997752468,0.4302970287687587,0.5484608825871172,23.785456232316584,0.4456401539043672,8.339552207931638,1787.6983414921237
310.0,0.18684606591317676,0.6978083791975239,0.33492707076594674,2.5201866873956007,0.366686757495907,31.26617188387895,1810.624961168071
311.0,0.17173713437296423,0.5121501779986531,0.5116171585669538,17.82247799002686,0.3431586278387874,61.70913502289129,1871.3141260264415
312.0,0.12378073579174065,0.2526815694700428,0.4651214262274811,16.12748987343617,0.3031290370015733,13.541219275925089,1810.63125030747
313.0,0.1698733860370817,0.34890337826349777,0.2734254743767223,9.45194986383079,0.2680470543479018,149.05855843854704,2053.5335437874123
314.0,0.11222351909227096,0.4240681587671312,0.38669658932703765,19.334131635782015,0.29794676514556506,76.09128569725974,1954.4799718618622
315.0,0.1708577358620117,0.2337518529496786,0.510884823631958,18.668376054509487,0.22728057879014962,39.6916550804559,1867.451453130226
316.0,0.09442077566607049,0.37803930889873893,0.3704344636581801,16.474348389864964,0.3687026833060715,65.01495254242818,1928.1939658903916
317.0,0.18809210750642705,0.4785178219208618,0.257173530473575,53.62559298840918,0.4076640733229022,1604.4037242995105,3708.56953363062
318.0,0.17255884874351646,0.49892981128444297,0.5254951147067952,15.33461147712515,0.3351561361436965,46.883369121354605,1844.4907778028332
319.0,0.1726518837502703,0.37046717343193075,0.5254760410512792,14.647331849153545,0.3015476425099324,20.58755330906986,1818.1949619905483
320.0,0.09801420164931109,0.36955538351887834,0.3680356215214318,8.732120680121163,0.2750591150704393,41.31306670687138,1892.541632726169
321.0,0.1478949213161743,0.3046598339943078,0.4590818666231259,20.011893201045883,0.2820908109905328,14.106223569028275,1811.7136322505073
322.0,0.1373144275330636,0.2619476748494071,0.5269303070919014,17.12023719236032,0.2932057802898445,20.195864560016595,1847.9556626097865
323.0,0.16161882303004044,0.2100628980112858,0.5407588520622385,18.14320498441078,0.2963065778695314,51.83931175308638,1897.7063151573923
324.0,0.1897002171394599,0.23698990743903547,0.200563305332986,25.101244436990378,0.4488983684125687,421.3177537601199,2431.898485917633
325.0,0.18717703390063284,0.3674627462692154,0.5496436813124548,16.481463516732994,0.37636761405050423,12.986451990895132,1792.3452412750871
326.0,0.18869097373297394,0.5364824768323592,0.42564268346640566,15.46138762728527,0.3033570821354624,4.4350744821353345,1783.7938637663271
327.0,0.0975463562437949,0.4015631142944054,0.5342065492834478,20.170716623589897,0.3433639305052153,37.38640017708522,1853.1957508981898
328.0,0.09483588833210183,0.6016746093468883,0.4698766281736655,16.219490479569764,0.37399589919339316,48.76674100369648,1846.374149685175
329.0,0.1797155887160775,0.46760017065207626,0.5395477923438663,18.301647709835102,0.2708120233731123,37.12517779624052,1852.4638282250726
330.0,0.11367677314209788,0.279040002577226,0.5496972553018604,5.228866123316706,0.44755475927287663,53.43073324116767,1887.394891008492
331.0,0.12768624370255002,0.23565278216700036,0.46056006225428936,17.110035450764194,0.24311470950305708,19.865175870695722,1847.201408621599
332.0,0.14355147173564062,0.4212259227301671,0.5333659820713328,17.760929698588917,0.36027418634080227,20.799173399287533,1818.4065820807664
333.0,0.14240040215288066,0.2834274405280165,0.4513413110494226,20.437429767102163,0.24410864866068305,50.918959263216955,1899.9207547867672
334.0,0.17173966487703513,0.20057153779892234,0.4486297139560382,14.466037417637274,0.24107140188954015,42.49192965458202,1894.1873291692602
335.0,0.0953966636538574,0.4806978987494839,0.3519230922445782,17.18241387974043,0.40046859483205965,38.49924189296071,1836.1066505744393
336.0,0.12576466201036315,0.533149371854202,0.3137241771747299,11.525725892928207,0.3559964992465562,88.22374738310566,1954.3695696584327
337.0,0.17814485055290566,0.5554650893598503,0.3698000857492774,14.355894898491385,0.38849502480745013,90.62299874676793,1927.3940627505456
338.0,0.1694530522710837,0.22986473729200718,0.5092712298883999,17.38261208798133,0.29783279331328955,30.693494460236327,1867.840522071197
339.0,0.11973608745443483,0.5530317654918392,0.3373158548102481,12.613214036630907,0.3692153349817108,49.7271192316322,1883.26771170009
340.0,0.13509513449201924,0.6736871229638691,0.5253466220057489,16.322763769285643,0.4170572601759274,74.5210255945332,1902.2808236443034
341.0,0.15633528035803712,0.24756587304558786,0.3508275599505202,15.879178361490794,0.268837096540779,30.09879856525219,1913.6773759062914
342.0,0.12091538259496898,0.4622419074103924,0.3596731201916309,2.5380211315260084,0.30362400435334397,47.71905731000943,1874.788168858651
343.0,0.16827744570819747,0.5803160896192526,0.40964844518022603,16.418691659369607,0.3716643515122152,21.236848705888146,1818.3268797374335
344.0,0.1797224106531397,0.4416266895929583,0.5291916664072116,12.562649397162012,0.36225463464237984,52.11827647724205,1849.2083075087871
345.0,0.10172996830968922,0.3135372595440142,0.39836712356901155,20.33214421960118,0.3355282730415812,48.954368728648504,1915.687405999552
346.0,0.13194137870506412,0.3063874810667063,0.4165567398636001,12.84650785455748,0.3326581103370421,95.27333179730195,1970.726344861551
347.0,0.16872615846969555,0.6227401680360577,0.5298652438960547,13.559805152062665,0.37118249825424576,17.66438432917102,1797.023173613363
348.0,0.13106601122885375,0.6216067992111272,0.5497768224820696,8.049988446009174,0.39043278325693087,23.228084956797186,1802.5868742409896
349.0,0.16067408313939446,0.6484044508095865,0.5138194696112843,18.08023175444409,0.37886252420744504,29.210571260829635,1808.5693605450217
350.0,0.139668073606473,0.249852765548227,0.5497880838066331,16.19369175427284,0.25685922788339394,8.18624444150713,1805.793653122986
351.0,0.18895641651262168,0.6902907186369556,0.33608415592124014,14.01215026003922,0.38846087304312527,42.77016805818886,1858.108818487021
352.0,0.14491824731079445,0.3487922671359051,0.5430589604925296,16.07273364704507,0.34754117985918154,22.119061488868784,1801.4778507730607
353.0,0.162146118588334,0.640498373655481,0.319283341202504,18.939718967958047,0.4201367787435225,27.854061846808897,1825.4614705282877
354.0,0.12011978460910004,0.49812397642387124,0.394165496396947,15.722321481628008,0.41248445673674417,9.110438398062682,1788.4692276822548
355.0,0.15023511029225456,0.34907469023848203,0.20084877735710172,21.169071688308485,0.3715866734867567,443.0923209348171,2432.578076762392
356.0,0.18160043000039058,0.5073080312743734,0.44197399855594266,14.456953385726628,0.27905591568189875,20.573899715549825,1818.1813083970285
357.0,0.08782142058089917,0.4972408612516489,0.3713553535246163,23.025554929841082,0.37099236922918843,79.27308527850636,1930.5677970040567
358.0,0.14112856564150128,0.23682429502015173,0.4343754163629634,14.773224829827356,0.2935284349536911,78.47102315402708,1947.8543962195445
359.0,0.14125702835323242,0.6193220764420921,0.20008015643825472,30.902390849022396,0.427576711948493,109.81038408222742,2029.5462579975515
360.0,0.08618669149579263,0.4595084157306251,0.3577504930037907,21.357020369909183,0.3393819859315803,49.89999291442306,1913.4982380660822
361.0,0.1489114544303205,0.2824126757644366,0.5493147468150921,19.73479044088465,0.3422123377839938,14.406021212490087,1812.0134298939686
362.0,0.10362240723391124,0.50131950980213,0.29579207696972076,23.954762495445934,0.4471937195655439,73.36070397694785,1994.8084100257174
363.0,0.1872546282612129,0.3285684003236457,0.4972005347651436,12.504822012769424,0.26990525482343214,20.172613168335104,1817.780021849814
364.0,0.10453523512088067,0.34278074463037694,0.5379415980083972,16.6821988685848,0.3715099489038076,13.401321346759735,1811.0087300282385
365.0,0.1245894018054278,0.5698969790636604,0.293233338067974,49.669357215291214,0.4498307155565851,48.93828890532744,2061.3713479149437
366.0,0.14070233472686436,0.652685660475215,0.28198126600775114,13.092085984700013,0.42601518658961146,80.65913110505313,1931.8876971243508
367.0,0.07329905788984076,0.5294529664157768,0.26564835924088215,16.06894743458993,0.38570263844068764,41.646661707043684,1945.7400812932433
368.0,0.09854606134802309,0.4172036670442097,0.5471055311495571,20.119243684707737,0.3815480346702612,46.069637510936545,1861.878988232041
369.0,0.10907086835510013,0.3708177846661162,0.28458987807709707,21.78448178445459,0.3995480042335536,46.938760067480764,1963.9284035518635
370.0,0.12936144746497294,0.6507680378403092,0.24079034700458066,12.392903898302066,0.407660767504445,53.221419574052064,1880.290531122694
371.0,0.1892226035445809,0.45929947311107877,0.2590420376109285,30.879893617083905,0.4434124707762094,198.41515409881646,2085.402612891303
372.0,0.1285475940783396,0.24302710631789592,0.5495810330129589,10.638165273913216,0.3459701918664084,63.82813053327105,1921.2220159673755
373.0,0.1490015034094423,0.5302502126058918,0.4847941896192938,1.285863092610441,0.34163565322923556,61.14193149551582,1876.9512822166205
374.0,0.18968677983020338,0.16958129452218185,0.42207310467693815,12.539196438968837,0.18653556553096345,176.36679347697992,2082.1051957341197
375.0,0.1513390087104261,0.577079198312288,0.35395489004806924,6.541984287588797,0.3746763114413191,48.2315221563809,1857.836513159931
376.0,0.10413934172788113,0.41799759844060747,0.5492778820433936,20.399505660761392,0.3825491470001403,82.94511642040717,1909.738523653451
377.0,0.15512004591331902,0.6971219827272045,0.46403026099659217,9.922153119820301,0.3519557953891268,110.34967746498981,1955.3738837667327
378.0,0.1687985526855625,0.4873350557545677,0.415854352577741,14.908909460556444,0.3992779282609073,30.342878051283314,1827.9502867327617
379.0,0.11339714156825438,0.6167078531134815,0.5499815786741452,17.315681168726506,0.36696686067473683,28.16054188423972,1807.5193311684316
380.0,0.18661998498993873,0.21565439130475383,0.4502053545943606,11.82286974600563,0.21277106677663543,32.2298723554794,1848.0392230765838
381.0,0.15263596225708004,0.4232126836407404,0.5405232925852524,13.806662709737864,0.32039323291276234,75.77290560794641,1920.7971119096896
382.0,0.1379190005172421,0.6376348853699239,0.5424881121823082,11.981923172817055,0.36857118854061616,58.66936637309705,1892.6335241404217
383.0,0.10234661121836182,0.5310485820566876,0.36741626770346036,16.902831119977982,0.35093798463311693,69.67460484173886,1885.013255270571
384.0,0.14506710815906018,0.4866760283851817,0.5462022687072393,11.568169348668668,0.4166288677981964,67.32394427329963,1882.6625947021316
385.0,0.1725192217407061,0.6610603383533917,0.4654278801891488,20.03287375497238,0.3523306994884766,9.956850337808113,1789.3156396220002
386.0,0.18891561124517942,0.32452939526896374,0.3591555479283865,17.041262020051697,0.22075732053147235,68.98681964937927,1913.7002283497602
387.0,0.15672462542816112,0.3267658004847097,0.5476960904900763,12.535332491261407,0.28280328466161286,6.879684471132752,1786.2384737553245
388.0,0.10181696463960328,0.383431773996057,0.36000950978922003,21.31488415653272,0.3304470513835412,32.35228117247536,1878.2192845767806
389.0,0.17454505016648214,0.40081467644752145,0.5491991943247585,16.158378218006604,0.3628336520722091,9.525378538797419,1788.8841678229892
390.0,0.15238922066403884,0.4799435900736044,0.5028933234167322,18.60944785270784,0.4282943019866985,34.81782326279105,1832.4252319442696
391.0,0.11612188877163267,0.4077032092317685,0.544700729625378,14.485026119357101,0.3417686641054571,25.25543662894969,1804.6142259131414
392.0,0.13774305212991106,0.4982853879182631,0.5046039376060859,0.4305854783803156,0.34546973589071,34.41815798651902,1832.0255666679977
393.0,0.13473076737206013,0.2730592650719013,0.5492613351567572,16.021578179858835,0.29953738871371016,72.04896219249679,1917.9159655968026
394.0,0.12361918777644834,0.6302360673367753,0.2837772474871686,3.6643313113435383,0.40148036307422663,14.1637342774223,1811.2537653089676
395.0,0.1536180785776609,0.46481212578878883,0.5371401264075248,18.15349741042454,0.3855622215273763,42.84182793169968,1840.4492366131785
396.0,0.12993257807358524,0.665053468583511,0.2502299719888387,12.547470578667806,0.40670017212738674,18.856723648895226,1815.9467546804406
397.0,0.10517171675043002,0.4866411874652612,0.2038191976174435,32.37892284522372,0.40049067969195584,149.80963371071056,2110.265802983629
398.0,0.11907544208898534,0.3166494030889767,0.5458635115251018,15.00249117428087,0.3265301031210611,40.46875457948597,1856.2781053005906
399.0,0.1051730435088716,0.39452867603366715,0.5282022179895877,17.936572905652127,0.36630258010989164,31.176263231539355,1846.5149136603716
400.0,0.1084199214335848,0.6617885407450572,0.2802205855436949,30.37182224829993,0.3919757598973379,58.794351192804434,1937.8158351969337
401.0,0.09150055858668264,0.44994312753632526,0.29423229499457226,24.154897901795024,0.3682558779644147,51.748140978340764,1960.267239154175
402.0,0.16858221052377056,0.4690670599325691,0.20870014460654623,27.87521820055674,0.3290754570272859,766.2694485401211,2901.830385404292
403.0,0.0993550536474963,0.4686110654753054,0.3531739602407237,14.83275217633502,0.3286420039400396,60.355132776618206,1917.5766336935512
404.0,0.17429082448917232,0.6432784773585419,0.2783107139510717,54.85877709558709,0.44137657358090854,42.149139251436516,2078.940311546694
405.0,0.16038446133774337,0.29834470608915736,0.33436730116873986,13.002771901889517,0.18683345711939103,8.50955197055899,1805.599583002104
406.0,0.1334859782039466,0.35698214213504104,0.41644528200703695,15.502182125538816,0.37392393156381176,67.1756782455476,1912.6667180426707
407.0,0.10032157792319688,0.3200620152716653,0.44510146164917175,8.792924503893133,0.39746488201488117,14.46068942108075,1829.7993398499127
408.0,0.15976418252253477,0.5301618198357757,0.3442314356727288,9.304031485111302,0.3689303252470496,19.57852991467419,1817.185938596153
409.0,0.1666816519865556,0.41993280635053204,0.537206506074054,15.884681239940036,0.3144291062694848,24.41497756535334,1822.022386246832
410.0,0.11332888058955784,0.32445249914342655,0.4499210874625502,13.226753408600603,0.36456500674024017,47.91853716680486,1893.4095769639282
411.0,0.15566360980566676,0.6497931763685514,0.5050519281562204,19.98954899865332,0.3045461700786545,74.09971149971041,1901.8595095494804
412.0,0.18905362141373233,0.6933961097561582,0.3103225592117043,15.93070163234102,0.4060792631355402,22.595748265848474,1819.6857792973938
413.0,0.17215909171933616,0.3008642359168015,0.5243912743706495,15.6679990734618,0.35680775936246223,17.223513413649634,1796.5823026978417
414.0,0.1232298602091586,0.25554490439931093,0.4731394095256384,15.882567974836924,0.35291424510332386,69.59567358510222,1973.196900810578
415.0,0.1648865980257762,0.5744466903621875,0.3051764739474494,22.038135014178323,0.37099820146311285,59.10993900508271,1892.6505314735405
416.0,0.1791151250788222,0.5492632380982403,0.38106479167313373,19.09337350202133,0.3347944438837502,64.50742706095518,1879.8460774897874
417.0,0.18774584756078136,0.5192749046609404,0.33752680503625043,16.677695820889383,0.31058304229853734,42.40858507726168,1858.2179357983662
418.0,0.11795755692269616,0.31988281099909305,0.4590197650019415,14.8995991891384,0.3132289695390984,138.3030625981314,2012.617300328482
419.0,0.15477799310344656,0.5335461499234454,0.31906776439042617,16.064689414621,0.4233878439563266,75.67079194339874,1894.7106141998236
420.0,0.13987538278392972,0.3358644102439471,0.33989562311761495,12.316241615364234,0.3974155206602529,45.15440878239484,1878.1810327620667
421.0,0.1762889060201324,0.18480941152725827,0.4182781269925547,13.84317012266068,0.28080246019915145,26.06864096428229,1859.095264943954
422.0,0.137514076383277,0.35031129581738457,0.4103703249607708,13.452250567275776,0.31718772558122776,61.70074741789884,1918.9222483348317
423.0,0.18978064261516409,0.4175981460339389,0.20086725625980575,47.65262977149642,0.447099231626557,1391.7732291698073,3626.8799520466887
424.0,0.1729611873775552,0.609747035685505,0.5292598019500345,17.167094315902936,0.32879549228474736,43.15102256192577,1858.4896729907578
425.0,0.16822685813766775,0.5583178867291124,0.546165590774643,11.090615465895937,0.39247955533442047,25.86678047775922,1823.474189159238
426.0,0.09912515342092083,0.3881122025414901,0.524492807903259,20.4387433228612,0.30440172470492877,106.12451102388482,1957.8199105385627
427.0,0.18238992077750743,0.7291332498986377,0.20760835964319774,28.64516897145572,0.40129545176585923,59.4446030886319,1886.780835839535
428.0,0.13956510152121188,0.5674762659615896,0.549746016021616,14.401680787911069,0.4472826913926031,33.447632683584175,1812.806421967776
430.0,0.15631364974663223,0.5459825090534189,0.28941104444527743,15.598951704305627,0.40427946694291056,26.88177623753883,1824.4891849190174
431.0,0.11334688049239891,0.5806583657874832,0.2266086251319538,24.724403032654955,0.4460663444991332,76.49689775751749,1995.6021842313983
432.0,0.08480154583038155,0.6013904936286775,0.2563990284639698,21.365280644268687,0.4086878515894099,51.79825381338361,1927.6713239021947
433.0,0.08252775293488199,0.4066231478708123,0.54375073189327,22.550656985381124,0.3638137720338656,67.33950626723302,1876.944497270783
434.0,0.13666657427969883,0.2862121037642957,0.45780189990447606,15.022573074049596,0.31754036923518114,8.609380663395774,1806.2167893448748
435.0,0.10718868154635339,0.5322429721130804,0.2900811713799201,22.078386153768733,0.3628044004766157,52.569905163614585,1910.33576989789
436.0,0.13616206586990834,0.26146293429168027,0.48305697654062835,14.196706976710196,0.27498720383635333,29.115350971034097,1866.2623785819944
437.0,0.1553586144914017,0.41577084265479974,0.45563432159365164,8.520856650883644,0.44362972557343605,50.64744056239283,1860.2524315659427
438.0,0.12470256559834529,0.3401410951764057,0.39144894586605417,23.101901261714303,0.2777691112485595,46.70595816127256,1931.449559687915
439.0,0.1656972800480431,0.18693864077511402,0.5329996599871749,17.19159063659464,0.28525248265367886,79.01564590927956,1960.3018646117785
440.0,0.10748699031163816,0.29800259245051386,0.5132489167055951,17.966880707675053,0.2764245348068705,43.915762909510676,1889.7827663138166
441.0,0.09001662680984651,0.4300026812301754,0.28791749836003455,3.4667672837523256,0.3381417152266237,38.01581376386135,1871.042437743533
442.0,0.09370354404496048,0.4285378128418227,0.25364128885507453,15.042107492109729,0.3935474532912149,52.91585198842186,1951.84636784266
443.0,0.18556506576310058,0.29329607272279723,0.41810770864287694,13.952276994889921,0.2785943996279213,20.793739168262963,1818.4011478497416
444.0,0.17689345652588576,0.6851671154566886,0.26408658143673214,13.032305474259758,0.42884036028876715,65.59450520816425,1893.3543032579346
445.0,0.14858088069860556,0.4291935114598696,0.5293341929221831,11.43433242406784,0.333843628420882,37.3874430389795,1834.9948517204584
446.0,0.13828921821947182,0.3019080271332751,0.5403650219042752,4.77544832474323,0.3963838154886766,26.26065023761098,1823.8680589190897
447.0,0.17600570641141816,0.47708630600782204,0.39569756567256753,18.674485772861722,0.3013015656237771,40.751887850625884,1856.5612385717304
448.0,0.15806872252946708,0.24172600834559715,0.4360669702383378,14.936318974822406,0.30444289347626874,73.4531624048176,1925.1485619194955
449.0,0.08503011008964281,0.29335288402121684,0.5450038004217866,14.594804469543242,0.3433950248873424,56.45882864397605,1882.9236179470704
450.0,0.11351959331060114,0.2917537457409911,0.46064232492900137,13.832471535723677,0.26448212361335316,94.31816441041406,1949.1964337687275
451.0,0.16631715019814358,0.37346209815834286,0.46430780456751425,19.33098487512511,0.2832457797509385,14.03904978983362,1793.397839074026
452.0,0.16142915443085312,0.6370659292875185,0.29375159097718495,17.14539473036863,0.4300548497945854,47.74698577717896,1863.5563364982836
453.0,0.17693037614369678,0.5391244201512794,0.5146620952644871,12.55142141055181,0.4242220165437708,9.344585793281837,1788.7033750774738
455.0,0.17909835144036934,0.5057129890351256,0.5054142867050655,15.098150550633008,0.38086236765883785,19.85524424538699,1799.2140335295792
456.0,0.17988760238082555,0.5325104698094861,0.3870255085653427,13.196349103948506,0.4216024547046901,73.5506631164047,1892.590485372829
457.0,0.1825159297276681,0.21338938482783953,0.29733235760014254,12.681177359753669,0.23672417046253297,132.77860789802142,1999.3873383761445
458.0,0.18108056995835783,0.47285092310086796,0.3620094334051249,19.04324562647505,0.39817195922826143,25.95138633194013,1805.3101756161325
459.0,0.14208387187124785,0.4037009969068595,0.5148976760969604,12.833662051959195,0.3552620808619933,19.871775903662904,1799.2305651878548
460.0,0.12679019117937235,0.33747303206155016,0.5475844956316259,17.619222768325614,0.3616474895837239,103.6722020203504,1955.743565142211
